date,predicted_regime,confidence,transition_flag,regime_label,regime_return_forecast,regime_vol_forecast
2021-05-10,0,0.533722375342859,0,bear,5.0369291810340647e-05,0.012868031019322724
2021-05-11,0,0.5678603094580712,0,bear,5.0369291810340647e-05,0.012868031019322724
2021-05-12,0,0.8546092302870368,0,bear,5.0369291810340647e-05,0.012868031019322724
2021-05-13,0,0.8661915064189418,0,bear,5.0369291810340647e-05,0.012868031019322724
2021-05-14,0,0.8961662307717158,0,bear,5.0369291810340647e-05,0.012868031019322724
2021-05-17,0,0.8956847495832574,0,bear,5.0369291810340647e-05,0.012868031019322724
2021-05-18,0,0.9140822600770331,0,bear,5.0369291810340647e-05,0.012868031019322724
2021-05-19,0,0.8734577843144791,0,bear,5.0369291810340647e-05,0.012868031019322724
2021-05-20,0,0.8360949324059163,0,bear,5.0369291810340647e-05,0.012868031019322724
2021-05-21,2,0.7010000216899045,1,bull,0.000499856647249135,0.008132159312251143
2021-05-24,2,0.7044104618236469,0,bull,0.000499856647249135,0.008132159312251143
2021-05-25,2,0.7416443514248764,0,bull,0.000499856647249135,0.008132159312251143
2021-05-26,2,0.8850139579623624,0,bull,0.000499856647249135,0.008132159312251143
2021-05-27,2,0.9119912262149239,0,bull,0.000499856647249135,0.008132159312251143
2021-05-28,2,0.9498512570471389,0,bull,0.000499856647249135,0.008132159312251143
2021-06-01,2,0.9603957019061244,0,bull,0.000499856647249135,0.008132159312251143
2021-06-02,2,0.9761455144648232,0,bull,0.000499856647249135,0.008132159312251143
2021-06-03,2,0.9684503780470025,0,bull,0.000499856647249135,0.008132159312251143
2021-06-04,2,0.9658123400514649,0,bull,0.000499856647249135,0.008132159312251143
2021-06-07,2,0.9629410848562762,0,bull,0.000499856647249135,0.008132159312251143
2021-06-08,2,0.9781465748808603,0,bull,0.000499856647249135,0.008132159312251143
2021-06-09,2,0.9799414449848316,0,bull,0.000499856647249135,0.008132159312251143
2021-06-10,2,0.9919339587769802,0,bull,0.000499856647249135,0.008132159312251143
2021-06-11,2,0.9920362612870562,0,bull,0.000499856647249135,0.008132159312251143
2021-06-14,2,0.9920637238180383,0,bull,0.000499856647249135,0.008132159312251143
2021-06-15,2,0.9924626644096839,0,bull,0.000499856647249135,0.008132159312251143
2021-06-16,2,0.9924987727967536,0,bull,0.000499856647249135,0.008132159312251143
2021-06-17,2,0.9919816340937577,0,bull,0.000499856647249135,0.008132159312251143
2021-06-18,2,0.9860534905125456,0,bull,0.000499856647249135,0.008132159312251143
2021-06-21,2,0.9731373689260276,0,bull,0.000499856647249135,0.008132159312251143
2021-06-22,2,0.9769346479275007,0,bull,0.000499856647249135,0.008132159312251143
2021-06-23,2,0.9787813688270611,0,bull,0.000499856647249135,0.008132159312251143
2021-06-24,2,0.9789888196742347,0,bull,0.000499856647249135,0.008132159312251143
2021-06-25,2,0.9889502703759603,0,bull,0.000499856647249135,0.008132159312251143
2021-06-28,2,0.9907710009131525,0,bull,0.000499856647249135,0.008132159312251143
2021-06-29,2,0.9916725063467363,0,bull,0.000499856647249135,0.008132159312251143
2021-06-30,2,0.9915087515317693,0,bull,0.000499856647249135,0.008132159312251143
2021-07-01,2,0.9913302140826314,0,bull,0.000499856647249135,0.008132159312251143
2021-07-02,2,0.9909626827841105,0,bull,0.000499856647249135,0.008132159312251143
2021-07-06,2,0.9927203261631545,0,bull,0.000499856647249135,0.008132159312251143
2021-07-07,2,0.9926691411857289,0,bull,0.000499856647249135,0.008132159312251143
2021-07-08,2,0.9916724204589,0,bull,0.000499856647249135,0.008132159312251143
2021-07-09,2,0.9896023396941453,0,bull,0.000499856647249135,0.008132159312251143
2021-07-12,2,0.9903839242879826,0,bull,0.000499856647249135,0.008132159312251143
2021-07-13,2,0.9871772812740214,0,bull,0.000499856647249135,0.008132159312251143
2021-07-14,2,0.9887327061276519,0,bull,0.000499856647249135,0.008132159312251143
2021-07-15,2,0.9896147236951127,0,bull,0.000499856647249135,0.008132159312251143
2021-07-16,2,0.9842309648040155,0,bull,0.000499856647249135,0.008132159312251143
2021-07-19,2,0.9467646571130077,0,bull,0.000499856647249135,0.008132159312251143
2021-07-20,2,0.8972526963406453,0,bull,0.000499856647249135,0.008132159312251143
2021-07-21,2,0.8887531061259903,0,bull,0.000499856647249135,0.008132159312251143
2021-07-22,2,0.9199433744176558,0,bull,0.000499856647249135,0.008132159312251143
2021-07-23,2,0.9277705491304185,0,bull,0.000499856647249135,0.008132159312251143
2021-07-26,2,0.9684094120376919,0,bull,0.000499856647249135,0.008132159312251143
2021-07-27,2,0.9559939558871795,0,bull,0.000499856647249135,0.008132159312251143
2021-07-28,2,0.9519842605331075,0,bull,0.000499856647249135,0.008132159312251143
2021-07-29,2,0.9586284233398825,0,bull,0.000499856647249135,0.008132159312251143
2021-07-30,2,0.9529338727516292,0,bull,0.000499856647249135,0.008132159312251143
2021-08-02,2,0.9714978990117276,0,bull,0.000499856647249135,0.008132159312251143
2021-08-03,2,0.9798410522081213,0,bull,0.000499856647249135,0.008132159312251143
2021-08-04,2,0.9695686611799919,0,bull,0.000499856647249135,0.008132159312251143
2021-08-05,2,0.9773477859867541,0,bull,0.000499856647249135,0.008132159312251143
2021-08-06,2,0.9860228386347802,0,bull,0.000499856647249135,0.008132159312251143
2021-08-09,2,0.9837853134262748,0,bull,0.000499856647249135,0.008132159312251143
2021-08-10,2,0.9889373404759036,0,bull,0.000499856647249135,0.008132159312251143
2021-08-11,2,0.9893274881874323,0,bull,0.000499856647249135,0.008132159312251143
2021-08-12,2,0.9904922923132391,0,bull,0.000499856647249135,0.008132159312251143
2021-08-13,2,0.9917234865399628,0,bull,0.000499856647249135,0.008132159312251143
2021-08-16,2,0.9899793138043029,0,bull,0.000499856647249135,0.008132159312251143
2021-08-17,2,0.9924612094067629,0,bull,0.000499856647249135,0.008132159312251143
2021-08-18,2,0.9893970394465402,0,bull,0.000499856647249135,0.008132159312251143
2021-08-19,2,0.9904305754071174,0,bull,0.000499856647249135,0.008132159312251143
2021-08-20,2,0.989844672169458,0,bull,0.000499856647249135,0.008132159312251143
2021-08-23,2,0.9879848861178007,0,bull,0.000499856647249135,0.008132159312251143
2021-08-24,2,0.990694912009543,0,bull,0.000499856647249135,0.008132159312251143
2021-08-25,2,0.9923920946635066,0,bull,0.000499856647249135,0.008132159312251143
2021-08-26,2,0.9911910426066154,0,bull,0.000499856647249135,0.008132159312251143
2021-08-27,2,0.9913871047535583,0,bull,0.000499856647249135,0.008132159312251143
2021-08-30,2,0.9919379939723038,0,bull,0.000499856647249135,0.008132159312251143
2021-08-31,2,0.9928557888515004,0,bull,0.000499856647249135,0.008132159312251143
2021-09-01,2,0.9930891182452327,0,bull,0.000499856647249135,0.008132159312251143
2021-09-02,2,0.9927549573493664,0,bull,0.000499856647249135,0.008132159312251143
2021-09-03,2,0.9928268224700623,0,bull,0.000499856647249135,0.008132159312251143
2021-09-07,2,0.9927239670211101,0,bull,0.000499856647249135,0.008132159312251143
2021-09-08,2,0.9927243981791248,0,bull,0.000499856647249135,0.008132159312251143
2021-09-09,2,0.9914511471859395,0,bull,0.000499856647249135,0.008132159312251143
2021-09-10,2,0.9880256142475184,0,bull,0.000499856647249135,0.008132159312251143
2021-09-13,2,0.9897902856377727,0,bull,0.000499856647249135,0.008132159312251143
2021-09-14,2,0.985698315421845,0,bull,0.000499856647249135,0.008132159312251143
2021-09-15,2,0.986465345536788,0,bull,0.000499856647249135,0.008132159312251143
2021-09-16,2,0.9884812142048899,0,bull,0.000499856647249135,0.008132159312251143
2021-09-17,2,0.9782660390571367,0,bull,0.000499856647249135,0.008132159312251143
2021-09-20,2,0.8905145270593591,0,bull,0.000499856647249135,0.008132159312251143
2021-09-21,2,0.8988271111537436,0,bull,0.000499856647249135,0.008132159312251143
2021-09-22,2,0.8758802559651948,0,bull,0.000499856647249135,0.008132159312251143
2021-09-23,2,0.8179420842768013,0,bull,0.000499856647249135,0.008132159312251143
2021-09-24,2,0.8785338988158193,0,bull,0.000499856647249135,0.008132159312251143
2021-09-27,2,0.9264892942468997,0,bull,0.000499856647249135,0.008132159312251143
2021-09-28,2,0.6170616025530851,0,bull,0.000499856647249135,0.008132159312251143
2021-09-29,2,0.6577504704284576,0,bull,0.000499856647249135,0.008132159312251143
2021-09-30,2,0.6072209144345132,0,bull,0.000499856647249135,0.008132159312251143
2021-10-01,2,0.5733420096295906,0,bull,0.000499856647249135,0.008132159312251143
2021-10-04,2,0.5458579453087218,0,bull,0.000499856647249135,0.008132159312251143
2021-10-05,2,0.5631718425181066,0,bull,0.000499856647249135,0.008132159312251143
2021-10-06,2,0.5784771606519576,0,bull,0.000499856647249135,0.008132159312251143
2021-10-07,2,0.6312407605686507,0,bull,0.000499856647249135,0.008132159312251143
2021-10-08,2,0.6416847907841112,0,bull,0.000499856647249135,0.008132159312251143
2021-10-11,2,0.6444014079045295,0,bull,0.000499856647249135,0.008132159312251143
2021-10-12,2,0.7376309657574397,0,bull,0.000499856647249135,0.008132159312251143
2021-10-13,2,0.7606750644240373,0,bull,0.000499856647249135,0.008132159312251143
2021-10-14,2,0.6997118949290018,0,bull,0.000499856647249135,0.008132159312251143
2021-10-15,2,0.7460011400708565,0,bull,0.000499856647249135,0.008132159312251143
2021-10-18,2,0.9195595596011615,0,bull,0.000499856647249135,0.008132159312251143
2021-10-19,2,0.9384145932600267,0,bull,0.000499856647249135,0.008132159312251143
2021-10-20,2,0.9431352680698468,0,bull,0.000499856647249135,0.008132159312251143
2021-10-21,2,0.9654121265120907,0,bull,0.000499856647249135,0.008132159312251143
2021-10-22,2,0.9607587064963722,0,bull,0.000499856647249135,0.008132159312251143
2021-10-25,2,0.9723878282761064,1,bull,0.000499856647249135,0.008132159312251143
2021-10-26,2,0.9868360522420598,1,bull,0.000499856647249135,0.008132159312251143
2021-10-27,2,0.9844586250967291,0,bull,0.000499856647249135,0.008132159312251143
2021-10-28,2,0.9903244806808807,0,bull,0.000499856647249135,0.008132159312251143
2021-10-29,2,0.991686133016302,0,bull,0.000499856647249135,0.008132159312251143
2021-11-01,2,0.9917717478607463,0,bull,0.000499856647249135,0.008132159312251143
2021-11-02,2,0.9919510986470051,0,bull,0.000499856647249135,0.008132159312251143
2021-11-03,2,0.9907735474735568,0,bull,0.000499856647249135,0.008132159312251143
2021-11-04,2,0.9900332561895491,0,bull,0.000499856647249135,0.008132159312251143
2021-11-05,2,0.987752521237823,0,bull,0.000499856647249135,0.008132159312251143
2021-11-08,2,0.986323422558955,0,bull,0.000499856647249135,0.008132159312251143
2021-11-09,2,0.9893489894333414,0,bull,0.000499856647249135,0.008132159312251143
2021-11-10,2,0.9913231756720684,0,bull,0.000499856647249135,0.008132159312251143
2021-11-11,2,0.9912066861596122,0,bull,0.000499856647249135,0.008132159312251143
2021-11-12,2,0.9914527380318698,0,bull,0.000499856647249135,0.008132159312251143
2021-11-15,2,0.9924616976566001,0,bull,0.000499856647249135,0.008132159312251143
2021-11-16,2,0.9922828597749762,0,bull,0.000499856647249135,0.008132159312251143
2021-11-17,2,0.9933320860769099,0,bull,0.000499856647249135,0.008132159312251143
2021-11-18,2,0.9933162761526011,0,bull,0.000499856647249135,0.008132159312251143
2021-11-19,2,0.9925290993211204,0,bull,0.000499856647249135,0.008132159312251143
2021-11-22,2,0.9925316758306838,0,bull,0.000499856647249135,0.008132159312251143
2021-11-23,2,0.9928123482294822,0,bull,0.000499856647249135,0.008132159312251143
2021-11-24,2,0.9916806113042556,0,bull,0.000499856647249135,0.008132159312251143
2021-11-26,2,0.9322975337745583,0,bull,0.000499856647249135,0.008132159312251143
2021-11-29,2,0.8910035955796374,0,bull,0.000499856647249135,0.008132159312251143
2021-11-30,2,0.6236791121721345,0,bull,0.000499856647249135,0.008132159312251143
2021-12-01,2,0.5614605715524961,0,bull,0.000499856647249135,0.008132159312251143
2021-12-02,2,0.5312392942568047,0,bull,0.000499856647249135,0.008132159312251143
2021-12-03,2,0.5317920297158555,0,bull,0.000499856647249135,0.008132159312251143
2021-12-06,2,0.5300458624995074,0,bull,0.000499856647249135,0.008132159312251143
2021-12-07,0,0.8861607580186507,1,bear,5.0369291810340647e-05,0.012868031019322724
2021-12-08,0,0.8358901253397495,1,bear,5.0369291810340647e-05,0.012868031019322724
2021-12-09,0,0.8901942897879529,1,bear,5.0369291810340647e-05,0.012868031019322724
2021-12-10,0,0.7986080645516219,1,bear,5.0369291810340647e-05,0.012868031019322724
2021-12-13,0,0.8955490573058174,0,bear,5.0369291810340647e-05,0.012868031019322724
2021-12-14,0,0.8828380271432559,0,bear,5.0369291810340647e-05,0.012868031019322724
2021-12-15,0,0.8319315088706178,0,bear,5.0369291810340647e-05,0.012868031019322724
2021-12-16,0,0.8791459333559764,0,bear,5.0369291810340647e-05,0.012868031019322724
2021-12-17,0,0.9099234281871922,0,bear,5.0369291810340647e-05,0.012868031019322724
2021-12-20,0,0.9349286542102337,0,bear,5.0369291810340647e-05,0.012868031019322724
2021-12-21,0,0.8753199962309606,0,bear,5.0369291810340647e-05,0.012868031019322724
2021-12-22,0,0.8364580209460399,0,bear,5.0369291810340647e-05,0.012868031019322724
2021-12-23,0,0.7842964941428163,0,bear,5.0369291810340647e-05,0.012868031019322724
2021-12-27,0,0.7454609477569211,0,bear,5.0369291810340647e-05,0.012868031019322724
2021-12-28,0,0.7518999859716036,0,bear,5.0369291810340647e-05,0.012868031019322724
2021-12-29,0,0.7152650589291818,0,bear,5.0369291810340647e-05,0.012868031019322724
2021-12-30,0,0.7246832022546972,0,bear,5.0369291810340647e-05,0.012868031019322724
2021-12-31,0,0.7343488450651174,0,bear,5.0369291810340647e-05,0.012868031019322724
2022-01-03,0,0.6038473018692933,0,bear,5.0369291810340647e-05,0.012868031019322724
2022-01-04,0,0.575556004758682,0,bear,5.0369291810340647e-05,0.012868031019322724
2022-01-05,0,0.8171802194325453,0,bear,5.0369291810340647e-05,0.012868031019322724
2022-01-06,0,0.8218949405314011,0,bear,5.0369291810340647e-05,0.012868031019322724
2022-01-07,0,0.8272277667319831,0,bear,5.0369291810340647e-05,0.012868031019322724
2022-01-10,0,0.7488025005634555,0,bear,5.0369291810340647e-05,0.012868031019322724
2022-01-11,0,0.7700713954888676,0,bear,5.0369291810340647e-05,0.012868031019322724
2022-01-12,0,0.6452084466508529,0,bear,5.0369291810340647e-05,0.012868031019322724
2022-01-13,0,0.8112162804840094,0,bear,5.0369291810340647e-05,0.012868031019322724
2022-01-14,0,0.7647876523523169,0,bear,5.0369291810340647e-05,0.012868031019322724
2022-01-18,0,0.9224288977057472,0,bear,5.0369291810340647e-05,0.012868031019322724
2022-01-19,0,0.9068517122621702,0,bear,5.0369291810340647e-05,0.012868031019322724
2022-01-20,0,0.8618819627817391,0,bear,5.0369291810340647e-05,0.012868031019322724
2022-01-21,0,0.9386610910545836,0,bear,5.0369291810340647e-05,0.012868031019322724
2022-01-24,0,0.9414783064584419,0,bear,5.0369291810340647e-05,0.012868031019322724
2022-01-25,0,0.9320388204963577,0,bear,5.0369291810340647e-05,0.012868031019322724
2022-01-26,0,0.9216120076792378,0,bear,5.0369291810340647e-05,0.012868031019322724
2022-01-27,0,0.9104950894562902,0,bear,5.0369291810340647e-05,0.012868031019322724
2022-01-28,0,0.9731956019908616,1,bear,5.0369291810340647e-05,0.012868031019322724
2022-01-31,0,0.9545858006246225,0,bear,5.0369291810340647e-05,0.012868031019322724
2022-02-01,0,0.9275762664573531,0,bear,5.0369291810340647e-05,0.012868031019322724
2022-02-02,0,0.8607956977187016,0,bear,5.0369291810340647e-05,0.012868031019322724
2022-02-03,0,0.897914339270681,0,bear,5.0369291810340647e-05,0.012868031019322724
2022-02-04,0,0.8573461097165684,0,bear,5.0369291810340647e-05,0.012868031019322724
2022-02-07,0,0.8859896875586466,0,bear,5.0369291810340647e-05,0.012868031019322724
2022-02-08,0,0.818403142937729,0,bear,5.0369291810340647e-05,0.012868031019322724
2022-02-09,0,0.7397793286399432,0,bear,5.0369291810340647e-05,0.012868031019322724
2022-02-10,0,0.7538384913403209,0,bear,5.0369291810340647e-05,0.012868031019322724
2022-02-11,0,0.8632201466585725,0,bear,5.0369291810340647e-05,0.012868031019322724
2022-02-14,0,0.9054445662420709,0,bear,5.0369291810340647e-05,0.012868031019322724
2022-02-15,0,0.8372978816041761,0,bear,5.0369291810340647e-05,0.012868031019322724
2022-02-16,0,0.8408309385360985,0,bear,5.0369291810340647e-05,0.012868031019322724
2022-02-17,0,0.8511612876741692,0,bear,5.0369291810340647e-05,0.012868031019322724
2022-02-18,0,0.8836854123526146,0,bear,5.0369291810340647e-05,0.012868031019322724
2022-02-22,0,0.9100010294294858,0,bear,5.0369291810340647e-05,0.012868031019322724
2022-02-23,0,0.9270747384383091,0,bear,5.0369291810340647e-05,0.012868031019322724
2022-02-24,0,0.8809087604168871,0,bear,5.0369291810340647e-05,0.012868031019322724
2022-02-25,0,0.6672045500750462,0,bear,5.0369291810340647e-05,0.012868031019322724
2022-02-28,0,0.7800592966766239,0,bear,5.0369291810340647e-05,0.012868031019322724
2022-03-01,0,0.8762287802579175,0,bear,5.0369291810340647e-05,0.012868031019322724
2022-03-02,0,0.7399378563048356,0,bear,5.0369291810340647e-05,0.012868031019322724
2022-03-03,0,0.8190453615492385,0,bear,5.0369291810340647e-05,0.012868031019322724
2022-03-04,0,0.8874936790646747,0,bear,5.0369291810340647e-05,0.012868031019322724
2022-03-07,0,0.89045243139417,0,bear,5.0369291810340647e-05,0.012868031019322724
2022-03-08,0,0.8875954104752016,0,bear,5.0369291810340647e-05,0.012868031019322724
2022-03-09,0,0.6980864203751477,0,bear,5.0369291810340647e-05,0.012868031019322724
2022-03-10,0,0.8024608571468168,0,bear,5.0369291810340647e-05,0.012868031019322724
2022-03-11,0,0.8789542442316329,0,bear,5.0369291810340647e-05,0.012868031019322724
2022-03-14,0,0.8828572063119777,0,bear,5.0369291810340647e-05,0.012868031019322724
2022-03-15,0,0.6882235278481247,0,bear,5.0369291810340647e-05,0.012868031019322724
2022-03-16,0,0.6114277852206601,0,bear,5.0369291810340647e-05,0.012868031019322724
2022-03-17,0,0.5523088572818099,0,bear,5.0369291810340647e-05,0.012868031019322724
2022-03-18,0,0.5251572939555678,0,bear,5.0369291810340647e-05,0.012868031019322724
2022-03-21,0,0.5321240382353651,0,bear,5.0369291810340647e-05,0.012868031019322724
2022-03-22,0,0.5190615891452836,0,bear,5.0369291810340647e-05,0.012868031019322724
2022-03-23,0,0.5765766663429371,0,bear,5.0369291810340647e-05,0.012868031019322724
2022-03-24,0,0.5492992608318251,0,bear,5.0369291810340647e-05,0.012868031019322724
2022-03-25,0,0.5760850930355887,0,bear,5.0369291810340647e-05,0.012868031019322724
2022-03-28,0,0.5453472463443116,0,bear,5.0369291810340647e-05,0.012868031019322724
2022-03-29,0,0.54699706871389,1,bear,5.0369291810340647e-05,0.012868031019322724
2022-03-30,0,0.6096994991958757,0,bear,5.0369291810340647e-05,0.012868031019322724
2022-03-31,0,0.6763702384001763,0,bear,5.0369291810340647e-05,0.012868031019322724
2022-04-01,0,0.66857570423989,0,bear,5.0369291810340647e-05,0.012868031019322724
2022-04-04,0,0.7256117941740878,0,bear,5.0369291810340647e-05,0.012868031019322724
2022-04-05,0,0.7961809491621812,0,bear,5.0369291810340647e-05,0.012868031019322724
2022-04-06,0,0.8762210820041625,0,bear,5.0369291810340647e-05,0.012868031019322724
2022-04-07,0,0.8263908486791038,0,bear,5.0369291810340647e-05,0.012868031019322724
2022-04-08,0,0.8308912711222787,0,bear,5.0369291810340647e-05,0.012868031019322724
2022-04-11,0,0.9012122958323359,0,bear,5.0369291810340647e-05,0.012868031019322724
2022-04-12,0,0.8937792898692802,0,bear,5.0369291810340647e-05,0.012868031019322724
2022-04-13,0,0.8870658289123068,0,bear,5.0369291810340647e-05,0.012868031019322724
2022-04-14,0,0.9252656675769025,0,bear,5.0369291810340647e-05,0.012868031019322724
2022-04-18,0,0.9243096618537638,0,bear,5.0369291810340647e-05,0.012868031019322724
2022-04-19,0,0.9143871657822749,0,bear,5.0369291810340647e-05,0.012868031019322724
2022-04-20,0,0.9006385541064568,0,bear,5.0369291810340647e-05,0.012868031019322724
2022-04-21,0,0.9462054752310913,0,bear,5.0369291810340647e-05,0.012868031019322724
2022-04-22,0,0.9744665272928552,0,bear,5.0369291810340647e-05,0.012868031019322724
2022-04-25,0,0.972341879891719,0,bear,5.0369291810340647e-05,0.012868031019322724
2022-04-26,0,0.9632005302800954,0,bear,5.0369291810340647e-05,0.012868031019322724
2022-04-27,0,0.9662205529677,0,bear,5.0369291810340647e-05,0.012868031019322724
2022-04-28,0,0.9024925314643875,0,bear,5.0369291810340647e-05,0.012868031019322724
2022-04-29,0,0.8595803184065609,0,bear,5.0369291810340647e-05,0.012868031019322724
2022-05-02,0,0.8324727019670294,0,bear,5.0369291810340647e-05,0.012868031019322724
2022-05-03,0,0.8127837231888407,0,bear,5.0369291810340647e-05,0.012868031019322724
2022-05-04,0,0.5317822260756728,0,bear,5.0369291810340647e-05,0.012868031019322724
2022-05-05,0,0.5240185018296177,1,bear,5.0369291810340647e-05,0.012868031019322724
2022-05-06,0,0.5249925754120077,1,bear,5.0369291810340647e-05,0.012868031019322724
2022-05-09,0,0.5375863203091964,1,bear,5.0369291810340647e-05,0.012868031019322724
2022-05-10,0,0.5170798519191167,0,bear,5.0369291810340647e-05,0.012868031019322724
2022-05-11,0,0.5500648165450643,0,bear,5.0369291810340647e-05,0.012868031019322724
2022-05-12,0,0.6132129728884426,0,bear,5.0369291810340647e-05,0.012868031019322724
2022-05-13,0,0.4926265465567912,0,bear,5.0369291810340647e-05,0.012868031019322724
2022-05-16,0,0.4962468408597149,0,bear,5.0369291810340647e-05,0.012868031019322724
2022-05-17,0,0.47896382675652754,0,bear,5.0369291810340647e-05,0.012868031019322724
2022-05-18,0,0.45177823301913983,0,bear,5.0369291810340647e-05,0.012868031019322724
2022-05-19,0,0.46545666213656084,0,bear,5.0369291810340647e-05,0.012868031019322724
2022-05-20,0,0.47600818078073226,0,bear,5.0369291810340647e-05,0.012868031019322724
2022-05-23,0,0.46522568649820506,0,bear,5.0369291810340647e-05,0.012868031019322724
2022-05-24,0,0.47980614597975885,0,bear,5.0369291810340647e-05,0.012868031019322724
2022-05-25,0,0.4817236848096916,0,bear,5.0369291810340647e-05,0.012868031019322724
2022-05-26,0,0.4791545803045926,0,bear,5.0369291810340647e-05,0.012868031019322724
2022-05-27,0,0.48235169095681524,0,bear,5.0369291810340647e-05,0.012868031019322724
2022-05-31,0,0.48554009013614036,0,bear,5.0369291810340647e-05,0.012868031019322724
2022-06-01,0,0.48860958885278644,0,bear,5.0369291810340647e-05,0.012868031019322724
2022-06-02,0,0.4941365299539402,0,bear,5.0369291810340647e-05,0.012868031019322724
2022-06-03,0,0.5206226958866289,0,bear,5.0369291810340647e-05,0.012868031019322724
2022-06-06,0,0.5166642263770951,0,bear,5.0369291810340647e-05,0.012868031019322724
2022-06-07,0,0.5302686224889923,0,bear,5.0369291810340647e-05,0.012868031019322724
2022-06-08,0,0.5409835722091613,0,bear,5.0369291810340647e-05,0.012868031019322724
2022-06-09,0,0.5602657441776513,0,bear,5.0369291810340647e-05,0.012868031019322724
2022-06-10,0,0.5682794717353039,0,bear,5.0369291810340647e-05,0.012868031019322724
2022-06-13,0,0.6682391227013926,0,bear,5.0369291810340647e-05,0.012868031019322724
2022-06-14,0,0.6590096447629192,0,bear,5.0369291810340647e-05,0.012868031019322724
2022-06-15,0,0.6230593675552798,0,bear,5.0369291810340647e-05,0.012868031019322724
2022-06-16,0,0.7725178875873666,0,bear,5.0369291810340647e-05,0.012868031019322724
2022-06-17,0,0.7094536027986632,0,bear,5.0369291810340647e-05,0.012868031019322724
2022-06-21,0,0.5142247656595607,0,bear,5.0369291810340647e-05,0.012868031019322724
2022-06-22,0,0.5776208190273816,0,bear,5.0369291810340647e-05,0.012868031019322724
2022-06-23,0,0.5181015672431947,0,bear,5.0369291810340647e-05,0.012868031019322724
2022-06-24,0,0.4685593098756174,0,bear,5.0369291810340647e-05,0.012868031019322724
2022-06-27,0,0.4810174884342889,0,bear,5.0369291810340647e-05,0.012868031019322724
2022-06-28,0,0.514525782903169,0,bear,5.0369291810340647e-05,0.012868031019322724
2022-06-29,0,0.512208250869308,0,bear,5.0369291810340647e-05,0.012868031019322724
2022-06-30,0,0.5363282203384332,0,bear,5.0369291810340647e-05,0.012868031019322724
2022-07-01,0,0.5414246970241208,0,bear,5.0369291810340647e-05,0.012868031019322724
2022-07-05,0,0.5360506427714468,0,bear,5.0369291810340647e-05,0.012868031019322724
2022-07-06,0,0.5319421686846799,0,bear,5.0369291810340647e-05,0.012868031019322724
2022-07-07,0,0.5111260848858725,0,bear,5.0369291810340647e-05,0.012868031019322724
2022-07-08,0,0.5113103130919304,0,bear,5.0369291810340647e-05,0.012868031019322724
2022-07-11,0,0.5594937741686594,0,bear,5.0369291810340647e-05,0.012868031019322724
2022-07-12,0,0.6275466731302333,0,bear,5.0369291810340647e-05,0.012868031019322724
2022-07-13,0,0.807251523010813,0,bear,5.0369291810340647e-05,0.012868031019322724
2022-07-14,0,0.7955113139045267,0,bear,5.0369291810340647e-05,0.012868031019322724
2022-07-15,0,0.710145685526465,0,bear,5.0369291810340647e-05,0.012868031019322724
2022-07-18,0,0.8662687303940789,0,bear,5.0369291810340647e-05,0.012868031019322724
2022-07-19,0,0.674710539818264,0,bear,5.0369291810340647e-05,0.012868031019322724
2022-07-20,0,0.7343794819945187,0,bear,5.0369291810340647e-05,0.012868031019322724
2022-07-21,0,0.6882913692472564,0,bear,5.0369291810340647e-05,0.012868031019322724
2022-07-22,0,0.768982157274301,0,bear,5.0369291810340647e-05,0.012868031019322724
2022-07-25,0,0.8537053764761096,0,bear,5.0369291810340647e-05,0.012868031019322724
2022-07-26,0,0.8736310161911189,0,bear,5.0369291810340647e-05,0.012868031019322724
2022-07-27,0,0.7463143552597209,0,bear,5.0369291810340647e-05,0.012868031019322724
2022-07-28,0,0.6931366906358263,0,bear,5.0369291810340647e-05,0.012868031019322724
2022-07-29,0,0.6443239637606759,0,bear,5.0369291810340647e-05,0.012868031019322724
2022-08-01,0,0.6872558789740713,0,bear,5.0369291810340647e-05,0.012868031019322724
2022-08-02,0,0.7528976285164288,0,bear,5.0369291810340647e-05,0.012868031019322724
2022-08-03,0,0.6813722342871641,0,bear,5.0369291810340647e-05,0.012868031019322724
2022-08-04,0,0.7637072558656274,0,bear,5.0369291810340647e-05,0.012868031019322724
2022-08-05,0,0.7627411308926522,0,bear,5.0369291810340647e-05,0.012868031019322724
2022-08-08,0,0.7814336577404712,0,bear,5.0369291810340647e-05,0.012868031019322724
2022-08-09,0,0.7747730391743072,0,bear,5.0369291810340647e-05,0.012868031019322724
2022-08-10,0,0.7306096798889523,0,bear,5.0369291810340647e-05,0.012868031019322724
2022-08-11,0,0.7532011757015513,0,bear,5.0369291810340647e-05,0.012868031019322724
2022-08-12,0,0.7503320335932103,0,bear,5.0369291810340647e-05,0.012868031019322724
2022-08-15,0,0.7062602172030625,0,bear,5.0369291810340647e-05,0.012868031019322724
2022-08-16,0,0.655332190533891,0,bear,5.0369291810340647e-05,0.012868031019322724
2022-08-17,0,0.7275321656001823,0,bear,5.0369291810340647e-05,0.012868031019322724
2022-08-18,0,0.705733736712088,0,bear,5.0369291810340647e-05,0.012868031019322724
2022-08-19,0,0.7833534476428012,0,bear,5.0369291810340647e-05,0.012868031019322724
2022-08-22,0,0.8993291906463571,0,bear,5.0369291810340647e-05,0.012868031019322724
2022-08-23,0,0.9027150641828598,0,bear,5.0369291810340647e-05,0.012868031019322724
2022-08-24,0,0.9038647051334329,0,bear,5.0369291810340647e-05,0.012868031019322724
2022-08-25,0,0.9140825813627843,0,bear,5.0369291810340647e-05,0.012868031019322724
2022-08-26,0,0.944198723379639,0,bear,5.0369291810340647e-05,0.012868031019322724
2022-08-29,0,0.9470809253710957,0,bear,5.0369291810340647e-05,0.012868031019322724
2022-08-30,0,0.9549325301479004,0,bear,5.0369291810340647e-05,0.012868031019322724
2022-08-31,0,0.9661667758837302,0,bear,5.0369291810340647e-05,0.012868031019322724
2022-09-01,0,0.9620889489845363,0,bear,5.0369291810340647e-05,0.012868031019322724
2022-09-02,0,0.952403014882441,0,bear,5.0369291810340647e-05,0.012868031019322724
2022-09-06,0,0.9505254282492905,1,bear,5.0369291810340647e-05,0.012868031019322724
2022-09-07,0,0.8903128652327095,1,bear,5.0369291810340647e-05,0.012868031019322724
2022-09-08,0,0.9176843147878802,0,bear,5.0369291810340647e-05,0.012868031019322724
2022-09-09,0,0.8250976239577299,0,bear,5.0369291810340647e-05,0.012868031019322724
2022-09-12,0,0.8127774074216765,0,bear,5.0369291810340647e-05,0.012868031019322724
2022-09-13,0,0.7244384910090715,0,bear,5.0369291810340647e-05,0.012868031019322724
2022-09-14,0,0.6836244986131158,0,bear,5.0369291810340647e-05,0.012868031019322724
2022-09-15,0,0.7300800515744306,0,bear,5.0369291810340647e-05,0.012868031019322724
2022-09-16,0,0.7923527724929516,0,bear,5.0369291810340647e-05,0.012868031019322724
2022-09-19,0,0.705123868834014,0,bear,5.0369291810340647e-05,0.012868031019322724
2022-09-20,0,0.7022593751090744,0,bear,5.0369291810340647e-05,0.012868031019322724
2022-09-21,0,0.7947941330439852,0,bear,5.0369291810340647e-05,0.012868031019322724
2022-09-22,0,0.8471782596460851,0,bear,5.0369291810340647e-05,0.012868031019322724
2022-09-23,0,0.9170620942620376,0,bear,5.0369291810340647e-05,0.012868031019322724
2022-09-26,0,0.9380087702801154,0,bear,5.0369291810340647e-05,0.012868031019322724
2022-09-27,0,0.9527694342313384,0,bear,5.0369291810340647e-05,0.012868031019322724
2022-09-28,0,0.9154971614020012,0,bear,5.0369291810340647e-05,0.012868031019322724
2022-09-29,0,0.9237899215948333,0,bear,5.0369291810340647e-05,0.012868031019322724
2022-09-30,0,0.9311019358229649,0,bear,5.0369291810340647e-05,0.012868031019322724
2022-10-03,0,0.7650168154796371,0,bear,5.0369291810340647e-05,0.012868031019322724
2022-10-04,0,0.5141004266410328,0,bear,5.0369291810340647e-05,0.012868031019322724
2022-10-05,0,0.5656530751268296,0,bear,5.0369291810340647e-05,0.012868031019322724
2022-10-06,0,0.5878025058352054,0,bear,5.0369291810340647e-05,0.012868031019322724
2022-10-07,0,0.6465067433386996,0,bear,5.0369291810340647e-05,0.012868031019322724
2022-10-10,0,0.7029519840401127,0,bear,5.0369291810340647e-05,0.012868031019322724
2022-10-11,0,0.8484200102377327,0,bear,5.0369291810340647e-05,0.012868031019322724
2022-10-12,0,0.8911201719919286,0,bear,5.0369291810340647e-05,0.012868031019322724
2022-10-13,0,0.6928134902379932,0,bear,5.0369291810340647e-05,0.012868031019322724
2022-10-14,0,0.6931126683756649,0,bear,5.0369291810340647e-05,0.012868031019322724
2022-10-17,0,0.5496027295434899,0,bear,5.0369291810340647e-05,0.012868031019322724
2022-10-18,0,0.5335721306085234,0,bear,5.0369291810340647e-05,0.012868031019322724
2022-10-19,0,0.5484708827967579,0,bear,5.0369291810340647e-05,0.012868031019322724
2022-10-20,0,0.568338291041736,0,bear,5.0369291810340647e-05,0.012868031019322724
2022-10-21,0,0.5036017459034686,0,bear,5.0369291810340647e-05,0.012868031019322724
2022-10-24,0,0.5002767921141086,0,bear,5.0369291810340647e-05,0.012868031019322724
2022-10-25,0,0.4924946256349412,0,bear,5.0369291810340647e-05,0.012868031019322724
2022-10-26,0,0.4988635841527987,0,bear,5.0369291810340647e-05,0.012868031019322724
2022-10-27,0,0.5155635167534436,0,bear,5.0369291810340647e-05,0.012868031019322724
2022-10-28,0,0.4956633116973433,0,bear,5.0369291810340647e-05,0.012868031019322724
2022-10-31,0,0.5322447269327748,0,bear,5.0369291810340647e-05,0.012868031019322724
2022-11-01,0,0.6244172920379237,0,bear,5.0369291810340647e-05,0.012868031019322724
2022-11-02,0,0.6171900086278436,0,bear,5.0369291810340647e-05,0.012868031019322724
2022-11-03,0,0.6310878391360646,0,bear,5.0369291810340647e-05,0.012868031019322724
2022-11-04,0,0.6545746085825489,0,bear,5.0369291810340647e-05,0.012868031019322724
2022-11-07,0,0.6193251088004996,0,bear,5.0369291810340647e-05,0.012868031019322724
2022-11-08,0,0.6077208259094304,0,bear,5.0369291810340647e-05,0.012868031019322724
2022-11-09,0,0.5949967225362063,0,bear,5.0369291810340647e-05,0.012868031019322724
2022-11-10,0,0.452318847626079,0,bear,5.0369291810340647e-05,0.012868031019322724
2022-11-11,0,0.46191024340518355,0,bear,5.0369291810340647e-05,0.012868031019322724
2022-11-14,0,0.4684572930128217,0,bear,5.0369291810340647e-05,0.012868031019322724
2022-11-15,0,0.46642478209281657,0,bear,5.0369291810340647e-05,0.012868031019322724
2022-11-16,0,0.47455609288304096,0,bear,5.0369291810340647e-05,0.012868031019322724
2022-11-17,0,0.4907420543460775,0,bear,5.0369291810340647e-05,0.012868031019322724
2022-11-18,0,0.4956312481464238,0,bear,5.0369291810340647e-05,0.012868031019322724
2022-11-21,0,0.49960843166137553,0,bear,5.0369291810340647e-05,0.012868031019322724
2022-11-22,0,0.4977764015130877,0,bear,5.0369291810340647e-05,0.012868031019322724
2022-11-23,0,0.4951662583200244,0,bear,5.0369291810340647e-05,0.012868031019322724
2022-11-25,0,0.5301962183763897,0,bear,5.0369291810340647e-05,0.012868031019322724
2022-11-28,0,0.5997072868421115,0,bear,5.0369291810340647e-05,0.012868031019322724
2022-11-29,0,0.5941969003154159,0,bear,5.0369291810340647e-05,0.012868031019322724
2022-11-30,0,0.51110244411157,0,bear,5.0369291810340647e-05,0.012868031019322724
2022-12-01,0,0.5307386952253473,0,bear,5.0369291810340647e-05,0.012868031019322724
2022-12-02,0,0.5349574593060917,0,bear,5.0369291810340647e-05,0.012868031019322724
2022-12-05,0,0.5541805601419164,0,bear,5.0369291810340647e-05,0.012868031019322724
2022-12-06,0,0.5776216437819808,0,bear,5.0369291810340647e-05,0.012868031019322724
2022-12-07,0,0.5974463733507469,0,bear,5.0369291810340647e-05,0.012868031019322724
2022-12-08,0,0.6010285593406776,0,bear,5.0369291810340647e-05,0.012868031019322724
2022-12-09,0,0.954783035346064,0,bear,5.0369291810340647e-05,0.012868031019322724
2022-12-12,0,0.9213587824734815,0,bear,5.0369291810340647e-05,0.012868031019322724
2022-12-13,0,0.8610883668629257,0,bear,5.0369291810340647e-05,0.012868031019322724
2022-12-14,0,0.9041059580090255,0,bear,5.0369291810340647e-05,0.012868031019322724
2022-12-15,0,0.9554279260211073,0,bear,5.0369291810340647e-05,0.012868031019322724
2022-12-16,0,0.958462648278505,0,bear,5.0369291810340647e-05,0.012868031019322724
2022-12-19,0,0.9633213049489597,0,bear,5.0369291810340647e-05,0.012868031019322724
2022-12-20,0,0.9493213559742826,0,bear,5.0369291810340647e-05,0.012868031019322724
2022-12-21,0,0.9331861939559873,0,bear,5.0369291810340647e-05,0.012868031019322724
2022-12-22,0,0.9523372281855418,0,bear,5.0369291810340647e-05,0.012868031019322724
2022-12-23,0,0.9204887135153443,0,bear,5.0369291810340647e-05,0.012868031019322724
2022-12-27,0,0.942252153688097,0,bear,5.0369291810340647e-05,0.012868031019322724
2022-12-28,0,0.9591554689465198,0,bear,5.0369291810340647e-05,0.012868031019322724
2022-12-29,0,0.9639863660197066,0,bear,5.0369291810340647e-05,0.012868031019322724
2022-12-30,0,0.9551080650510265,0,bear,5.0369291810340647e-05,0.012868031019322724
2023-01-03,0,0.953330186708147,0,bear,5.0369291810340647e-05,0.012868031019322724
2023-01-04,0,0.9243523164775282,0,bear,5.0369291810340647e-05,0.012868031019322724
2023-01-05,0,0.9463156276452979,0,bear,5.0369291810340647e-05,0.012868031019322724
2023-01-06,0,0.8834942024480537,0,bear,5.0369291810340647e-05,0.012868031019322724
2023-01-09,0,0.9015009396817169,0,bear,5.0369291810340647e-05,0.012868031019322724
2023-01-10,0,0.8632380897437966,0,bear,5.0369291810340647e-05,0.012868031019322724
2023-01-11,0,0.8352600809481967,0,bear,5.0369291810340647e-05,0.012868031019322724
2023-01-12,0,0.7744918286531455,0,bear,5.0369291810340647e-05,0.012868031019322724
2023-01-13,0,0.723952305143302,0,bear,5.0369291810340647e-05,0.012868031019322724
2023-01-17,0,0.6746843877828838,0,bear,5.0369291810340647e-05,0.012868031019322724
2023-01-18,0,0.849846335935748,0,bear,5.0369291810340647e-05,0.012868031019322724
2023-01-19,0,0.8682849064952756,0,bear,5.0369291810340647e-05,0.012868031019322724
2023-01-20,0,0.8324353371858737,0,bear,5.0369291810340647e-05,0.012868031019322724
2023-01-23,0,0.8303796755276165,0,bear,5.0369291810340647e-05,0.012868031019322724
2023-01-24,0,0.8153004223036538,0,bear,5.0369291810340647e-05,0.012868031019322724
2023-01-25,0,0.7909635978208314,0,bear,5.0369291810340647e-05,0.012868031019322724
2023-01-26,0,0.7154537398057248,0,bear,5.0369291810340647e-05,0.012868031019322724
2023-01-27,0,0.6422073731930694,0,bear,5.0369291810340647e-05,0.012868031019322724
2023-01-30,0,0.8096698997020553,0,bear,5.0369291810340647e-05,0.012868031019322724
2023-01-31,0,0.7832973277258142,0,bear,5.0369291810340647e-05,0.012868031019322724
2023-02-01,0,0.6921993297055237,0,bear,5.0369291810340647e-05,0.012868031019322724
2023-02-02,0,0.6590107931705693,0,bear,5.0369291810340647e-05,0.012868031019322724
2023-02-03,0,0.7659670562682157,0,bear,5.0369291810340647e-05,0.012868031019322724
2023-02-06,0,0.7835959615557397,0,bear,5.0369291810340647e-05,0.012868031019322724
2023-02-07,0,0.7299316339310242,0,bear,5.0369291810340647e-05,0.012868031019322724
2023-02-08,0,0.8548653506720836,0,bear,5.0369291810340647e-05,0.012868031019322724
2023-02-09,0,0.8930569259899872,0,bear,5.0369291810340647e-05,0.012868031019322724
2023-02-10,0,0.8825470020924082,0,bear,5.0369291810340647e-05,0.012868031019322724
2023-02-13,0,0.8338024786857088,0,bear,5.0369291810340647e-05,0.012868031019322724
2023-02-14,0,0.819887945694974,0,bear,5.0369291810340647e-05,0.012868031019322724
2023-02-15,0,0.6987377766315518,0,bear,5.0369291810340647e-05,0.012868031019322724
2023-02-16,0,0.7989713782057628,0,bear,5.0369291810340647e-05,0.012868031019322724
2023-02-17,0,0.776892496670765,0,bear,5.0369291810340647e-05,0.012868031019322724
2023-02-21,0,0.9335757900982722,0,bear,5.0369291810340647e-05,0.012868031019322724
2023-02-22,0,0.9166009062888487,0,bear,5.0369291810340647e-05,0.012868031019322724
2023-02-23,0,0.9028395614280587,0,bear,5.0369291810340647e-05,0.012868031019322724
2023-02-24,0,0.9266256954151992,0,bear,5.0369291810340647e-05,0.012868031019322724
2023-02-27,0,0.9273233663009549,0,bear,5.0369291810340647e-05,0.012868031019322724
2023-02-28,0,0.8347855966239341,0,bear,5.0369291810340647e-05,0.012868031019322724
2023-03-01,0,0.8299705599832162,0,bear,5.0369291810340647e-05,0.012868031019322724
2023-03-02,0,0.8196624110438682,0,bear,5.0369291810340647e-05,0.012868031019322724
2023-03-03,0,0.8189655822192417,0,bear,5.0369291810340647e-05,0.012868031019322724
2023-03-06,0,0.7742932947920791,0,bear,5.0369291810340647e-05,0.012868031019322724
2023-03-07,0,0.8702699911074896,0,bear,5.0369291810340647e-05,0.012868031019322724
2023-03-08,0,0.8196288729765461,0,bear,5.0369291810340647e-05,0.012868031019322724
2023-03-09,0,0.9470926654493089,0,bear,5.0369291810340647e-05,0.012868031019322724
2023-03-10,0,0.9482613685737583,0,bear,5.0369291810340647e-05,0.012868031019322724
2023-03-13,0,0.9498224083400173,0,bear,5.0369291810340647e-05,0.012868031019322724
2023-03-14,0,0.9668324851300006,0,bear,5.0369291810340647e-05,0.012868031019322724
2023-03-15,0,0.9720396905135074,0,bear,5.0369291810340647e-05,0.012868031019322724
2023-03-16,0,0.9495607301808597,0,bear,5.0369291810340647e-05,0.012868031019322724
2023-03-17,0,0.9634375092305181,0,bear,5.0369291810340647e-05,0.012868031019322724
2023-03-20,0,0.9335503522841506,0,bear,5.0369291810340647e-05,0.012868031019322724
2023-03-21,0,0.8869794448753463,0,bear,5.0369291810340647e-05,0.012868031019322724
2023-03-22,0,0.9293327508010132,0,bear,5.0369291810340647e-05,0.012868031019322724
2023-03-23,0,0.9125816045025289,0,bear,5.0369291810340647e-05,0.012868031019322724
2023-03-24,0,0.8404886324743951,0,bear,5.0369291810340647e-05,0.012868031019322724
2023-03-27,0,0.8308891008316537,0,bear,5.0369291810340647e-05,0.012868031019322724
2023-03-28,0,0.8367388610833667,0,bear,5.0369291810340647e-05,0.012868031019322724
2023-03-29,0,0.7133364030243092,0,bear,5.0369291810340647e-05,0.012868031019322724
2023-03-30,0,0.7057870044746101,0,bear,5.0369291810340647e-05,0.012868031019322724
2023-03-31,0,0.6719579584788663,0,bear,5.0369291810340647e-05,0.012868031019322724
2023-04-03,0,0.6702993197145837,0,bear,5.0369291810340647e-05,0.012868031019322724
2023-04-04,0,0.7096104280229165,0,bear,5.0369291810340647e-05,0.012868031019322724
2023-04-05,0,0.6716315156942273,0,bear,5.0369291810340647e-05,0.012868031019322724
2023-04-06,0,0.5913213924531118,0,bear,5.0369291810340647e-05,0.012868031019322724
2023-04-10,0,0.5315161123409572,0,bear,5.0369291810340647e-05,0.012868031019322724
2023-04-11,0,0.5311904416287444,0,bear,5.0369291810340647e-05,0.012868031019322724
2023-04-12,0,0.5342763806377633,0,bear,5.0369291810340647e-05,0.012868031019322724
2023-04-13,0,0.5351500232365632,0,bear,5.0369291810340647e-05,0.012868031019322724
2023-04-14,0,0.5393935569917742,0,bear,5.0369291810340647e-05,0.012868031019322724
2023-04-17,0,0.5133333114549387,0,bear,5.0369291810340647e-05,0.012868031019322724
2023-04-18,0,0.5125074944576963,0,bear,5.0369291810340647e-05,0.012868031019322724
2023-04-19,0,0.5069861347574827,0,bear,5.0369291810340647e-05,0.012868031019322724
2023-04-20,0,0.5008917547588402,0,bear,5.0369291810340647e-05,0.012868031019322724
2023-04-21,0,0.49984279141874904,0,bear,5.0369291810340647e-05,0.012868031019322724
2023-04-24,0,0.49838742213984105,0,bear,5.0369291810340647e-05,0.012868031019322724
2023-04-25,0,0.5483245528519566,0,bear,5.0369291810340647e-05,0.012868031019322724
2023-04-26,0,0.5522460809232709,0,bear,5.0369291810340647e-05,0.012868031019322724
2023-04-27,0,0.625810488947311,0,bear,5.0369291810340647e-05,0.012868031019322724
2023-04-28,0,0.6297453045574615,0,bear,5.0369291810340647e-05,0.012868031019322724
2023-05-01,0,0.6184709961859693,0,bear,5.0369291810340647e-05,0.012868031019322724
2023-05-02,0,0.7084213519464362,0,bear,5.0369291810340647e-05,0.012868031019322724
2023-05-03,0,0.748803330976135,0,bear,5.0369291810340647e-05,0.012868031019322724
2023-05-04,0,0.716505073249436,0,bear,5.0369291810340647e-05,0.012868031019322724
2023-05-05,0,0.8470982832452385,0,bear,5.0369291810340647e-05,0.012868031019322724
2023-05-08,0,0.847432733950553,0,bear,5.0369291810340647e-05,0.012868031019322724
2023-05-09,0,0.8064207355139708,0,bear,5.0369291810340647e-05,0.012868031019322724
2023-05-10,0,0.7461716776657089,0,bear,5.0369291810340647e-05,0.012868031019322724
2023-05-11,0,0.668798147534055,0,bear,5.0369291810340647e-05,0.012868031019322724
2023-05-12,0,0.5924556108156696,0,bear,5.0369291810340647e-05,0.012868031019322724
2023-05-15,0,0.5852265280212761,0,bear,5.0369291810340647e-05,0.012868031019322724
2023-05-16,0,0.6005067189072181,0,bear,5.0369291810340647e-05,0.012868031019322724
2023-05-17,0,0.6294617813835981,0,bear,5.0369291810340647e-05,0.012868031019322724
2023-05-18,0,0.6028681676930804,0,bear,5.0369291810340647e-05,0.012868031019322724
2023-05-19,0,0.5811728861288222,0,bear,5.0369291810340647e-05,0.012868031019322724
2023-05-22,0,0.5836099162348305,0,bear,5.0369291810340647e-05,0.012868031019322724
2023-05-23,0,0.6247534734926338,0,bear,5.0369291810340647e-05,0.012868031019322724
2023-05-24,0,0.6556638709098982,0,bear,5.0369291810340647e-05,0.012868031019322724
2023-05-25,0,0.5984987550787679,0,bear,5.0369291810340647e-05,0.012868031019322724
2023-05-26,0,0.6326241541192389,0,bear,5.0369291810340647e-05,0.012868031019322724
2023-05-30,0,0.6289379538708216,0,bear,5.0369291810340647e-05,0.012868031019322724
2023-05-31,0,0.6015308832423241,0,bear,5.0369291810340647e-05,0.012868031019322724
2023-06-01,0,0.560542907943802,0,bear,5.0369291810340647e-05,0.012868031019322724
2023-06-02,0,0.5700177431821863,0,bear,5.0369291810340647e-05,0.012868031019322724
2023-06-05,0,0.5610043241400787,0,bear,5.0369291810340647e-05,0.012868031019322724
2023-06-06,0,0.555241275991436,0,bear,5.0369291810340647e-05,0.012868031019322724
2023-06-07,0,0.540528807563423,0,bear,5.0369291810340647e-05,0.012868031019322724
2023-06-08,0,0.5252092488040776,0,bear,5.0369291810340647e-05,0.012868031019322724
2023-06-09,0,0.5135283414872449,0,bear,5.0369291810340647e-05,0.012868031019322724
2023-06-12,0,0.5117435587684072,0,bear,5.0369291810340647e-05,0.012868031019322724
2023-06-13,0,0.5111131289111358,0,bear,5.0369291810340647e-05,0.012868031019322724
2023-06-14,0,0.5003165347581302,0,bear,5.0369291810340647e-05,0.012868031019322724
2023-06-15,0,0.5019523748025879,0,bear,5.0369291810340647e-05,0.012868031019322724
2023-06-16,0,0.5094789903017698,0,bear,5.0369291810340647e-05,0.012868031019322724
2023-06-20,0,0.5174818148515763,0,bear,5.0369291810340647e-05,0.012868031019322724
2023-06-21,0,0.5329935910167455,0,bear,5.0369291810340647e-05,0.012868031019322724
2023-06-22,0,0.5137341253197217,0,bear,5.0369291810340647e-05,0.012868031019322724
2023-06-23,0,0.5136904223524829,0,bear,5.0369291810340647e-05,0.012868031019322724
2023-06-26,0,0.5224024831073176,0,bear,5.0369291810340647e-05,0.012868031019322724
2023-06-27,0,0.5306176973968992,0,bear,5.0369291810340647e-05,0.012868031019322724
2023-06-28,0,0.5306395148475738,0,bear,5.0369291810340647e-05,0.012868031019322724
2023-06-29,0,0.5209645411785923,0,bear,5.0369291810340647e-05,0.012868031019322724
2023-06-30,0,0.5168307307616511,0,bear,5.0369291810340647e-05,0.012868031019322724
2023-07-03,0,0.5082896877500593,0,bear,5.0369291810340647e-05,0.012868031019322724
2023-07-05,0,0.508856534068133,0,bear,5.0369291810340647e-05,0.012868031019322724
2023-07-06,0,0.5252106647623338,0,bear,5.0369291810340647e-05,0.012868031019322724
2023-07-07,0,0.5285247137214693,0,bear,5.0369291810340647e-05,0.012868031019322724
2023-07-10,0,0.5119114638146541,0,bear,5.0369291810340647e-05,0.012868031019322724
2023-07-11,0,0.5120623923196255,0,bear,5.0369291810340647e-05,0.012868031019322724
2023-07-12,0,0.5098927767998696,0,bear,5.0369291810340647e-05,0.012868031019322724
2023-07-13,0,0.505591960832158,0,bear,5.0369291810340647e-05,0.012868031019322724
2023-07-14,0,0.5067553865055187,0,bear,5.0369291810340647e-05,0.012868031019322724
2023-07-17,0,0.5020741766961353,0,bear,5.0369291810340647e-05,0.012868031019322724
2023-07-18,0,0.5016866339721737,0,bear,5.0369291810340647e-05,0.012868031019322724
2023-07-19,0,0.500054278749176,0,bear,5.0369291810340647e-05,0.012868031019322724
2023-07-20,0,0.5029326496166313,0,bear,5.0369291810340647e-05,0.012868031019322724
2023-07-21,0,0.501208071140491,0,bear,5.0369291810340647e-05,0.012868031019322724
2023-07-24,0,0.4983976744927314,0,bear,5.0369291810340647e-05,0.012868031019322724
2023-07-25,0,0.49574128052522404,0,bear,5.0369291810340647e-05,0.012868031019322724
2023-07-26,0,0.49684092605062585,0,bear,5.0369291810340647e-05,0.012868031019322724
2023-07-27,0,0.4988756752275748,0,bear,5.0369291810340647e-05,0.012868031019322724
2023-07-28,0,0.5012779065227202,0,bear,5.0369291810340647e-05,0.012868031019322724
2023-07-31,0,0.5000369209464759,0,bear,5.0369291810340647e-05,0.012868031019322724
2023-08-01,0,0.5012816824456356,0,bear,5.0369291810340647e-05,0.012868031019322724
2023-08-02,0,0.5250317311760633,0,bear,5.0369291810340647e-05,0.012868031019322724
2023-08-03,0,0.5172287557499917,0,bear,5.0369291810340647e-05,0.012868031019322724
2023-08-04,0,0.5153862128884612,0,bear,5.0369291810340647e-05,0.012868031019322724
2023-08-07,0,0.5266831136007848,0,bear,5.0369291810340647e-05,0.012868031019322724
2023-08-08,0,0.5352791581771608,0,bear,5.0369291810340647e-05,0.012868031019322724
2023-08-09,0,0.5396447226952146,0,bear,5.0369291810340647e-05,0.012868031019322724
2023-08-10,0,0.5303758744910116,0,bear,5.0369291810340647e-05,0.012868031019322724
2023-08-11,0,0.520425133543864,0,bear,5.0369291810340647e-05,0.012868031019322724
2023-08-14,0,0.5181711620053422,0,bear,5.0369291810340647e-05,0.012868031019322724
2023-08-15,0,0.5486710485819493,0,bear,5.0369291810340647e-05,0.012868031019322724
2023-08-16,0,0.5521494960415947,0,bear,5.0369291810340647e-05,0.012868031019322724
2023-08-17,0,0.5692800071669989,0,bear,5.0369291810340647e-05,0.012868031019322724
2023-08-18,0,0.5729858754307638,0,bear,5.0369291810340647e-05,0.012868031019322724
2023-08-21,0,0.5652419311681643,0,bear,5.0369291810340647e-05,0.012868031019322724
2023-08-22,0,0.5568253148907194,0,bear,5.0369291810340647e-05,0.012868031019322724
2023-08-23,0,0.5830086922920306,0,bear,5.0369291810340647e-05,0.012868031019322724
2023-08-24,0,0.7061543169288165,0,bear,5.0369291810340647e-05,0.012868031019322724
2023-08-25,0,0.6840147925031591,0,bear,5.0369291810340647e-05,0.012868031019322724
2023-08-28,0,0.6665254387611188,0,bear,5.0369291810340647e-05,0.012868031019322724
2023-08-29,0,0.674011377360383,0,bear,5.0369291810340647e-05,0.012868031019322724
2023-08-30,0,0.5931073157562735,0,bear,5.0369291810340647e-05,0.012868031019322724
2023-08-31,0,0.5439976392306956,0,bear,5.0369291810340647e-05,0.012868031019322724
2023-09-01,0,0.5351449737305557,0,bear,5.0369291810340647e-05,0.012868031019322724
2023-09-05,0,0.5569675197476902,0,bear,5.0369291810340647e-05,0.012868031019322724
2023-09-06,0,0.5580622660825573,0,bear,5.0369291810340647e-05,0.012868031019322724
2023-09-07,0,0.5464204149351798,0,bear,5.0369291810340647e-05,0.012868031019322724
2023-09-08,0,0.5273206919406723,0,bear,5.0369291810340647e-05,0.012868031019322724
2023-09-11,0,0.5301496668957816,0,bear,5.0369291810340647e-05,0.012868031019322724
2023-09-12,0,0.5461490053934982,0,bear,5.0369291810340647e-05,0.012868031019322724
2023-09-13,0,0.5133871537412975,0,bear,5.0369291810340647e-05,0.012868031019322724
2023-09-14,0,0.5118857366301004,0,bear,5.0369291810340647e-05,0.012868031019322724
2023-09-15,0,0.5483357961858526,0,bear,5.0369291810340647e-05,0.012868031019322724
2023-09-18,0,0.5390267296329472,0,bear,5.0369291810340647e-05,0.012868031019322724
2023-09-19,0,0.5397569039348377,0,bear,5.0369291810340647e-05,0.012868031019322724
2023-09-20,0,0.5728097914846018,0,bear,5.0369291810340647e-05,0.012868031019322724
2023-09-21,0,0.6815213544612468,0,bear,5.0369291810340647e-05,0.012868031019322724
2023-09-22,0,0.636430431067406,0,bear,5.0369291810340647e-05,0.012868031019322724
2023-09-25,0,0.6270479281539022,0,bear,5.0369291810340647e-05,0.012868031019322724
2023-09-26,0,0.7624442733288344,0,bear,5.0369291810340647e-05,0.012868031019322724
2023-09-27,0,0.6975214948121059,0,bear,5.0369291810340647e-05,0.012868031019322724
2023-09-28,0,0.6418999884636013,0,bear,5.0369291810340647e-05,0.012868031019322724
2023-09-29,0,0.6301752398131,0,bear,5.0369291810340647e-05,0.012868031019322724
2023-10-02,0,0.6177715159820267,0,bear,5.0369291810340647e-05,0.012868031019322724
2023-10-03,0,0.6914692582727298,0,bear,5.0369291810340647e-05,0.012868031019322724
2023-10-04,0,0.6961481754575292,0,bear,5.0369291810340647e-05,0.012868031019322724
2023-10-05,0,0.6401850797857497,0,bear,5.0369291810340647e-05,0.012868031019322724
2023-10-06,0,0.6981238812803712,0,bear,5.0369291810340647e-05,0.012868031019322724
2023-10-09,0,0.6884637237540943,0,bear,5.0369291810340647e-05,0.012868031019322724
2023-10-10,0,0.5536070934042717,0,bear,5.0369291810340647e-05,0.012868031019322724
2023-10-11,0,0.5519258469812548,0,bear,5.0369291810340647e-05,0.012868031019322724
2023-10-12,0,0.5857722080523476,0,bear,5.0369291810340647e-05,0.012868031019322724
2023-10-13,0,0.5799554539590612,0,bear,5.0369291810340647e-05,0.012868031019322724
2023-10-16,0,0.597807425782517,0,bear,5.0369291810340647e-05,0.012868031019322724
2023-10-17,0,0.553601073075662,0,bear,5.0369291810340647e-05,0.012868031019322724
2023-10-18,0,0.657554519795486,0,bear,5.0369291810340647e-05,0.012868031019322724
2023-10-19,0,0.656747730001955,0,bear,5.0369291810340647e-05,0.012868031019322724
2023-10-20,0,0.7570357361816742,0,bear,5.0369291810340647e-05,0.012868031019322724
2023-10-23,0,0.6937798838081288,0,bear,5.0369291810340647e-05,0.012868031019322724
2023-10-24,0,0.6679604970958913,0,bear,5.0369291810340647e-05,0.012868031019322724
2023-10-25,0,0.7969034766076601,0,bear,5.0369291810340647e-05,0.012868031019322724
2023-10-26,0,0.8683669365111568,0,bear,5.0369291810340647e-05,0.012868031019322724
2023-10-27,0,0.867753207725604,0,bear,5.0369291810340647e-05,0.012868031019322724
2023-10-30,0,0.9064608417751636,0,bear,5.0369291810340647e-05,0.012868031019322724
2023-10-31,0,0.8621667814964948,0,bear,5.0369291810340647e-05,0.012868031019322724
2023-11-01,0,0.8089902208503245,0,bear,5.0369291810340647e-05,0.012868031019322724
2023-11-02,0,0.7881309035862449,0,bear,5.0369291810340647e-05,0.012868031019322724
2023-11-03,0,0.6604187159320467,0,bear,5.0369291810340647e-05,0.012868031019322724
2023-11-06,0,0.6769861867620318,0,bear,5.0369291810340647e-05,0.012868031019322724
2023-11-07,0,0.6852905179582818,0,bear,5.0369291810340647e-05,0.012868031019322724
2023-11-08,0,0.6343292081572065,0,bear,5.0369291810340647e-05,0.012868031019322724
2023-11-09,0,0.6288111723725348,0,bear,5.0369291810340647e-05,0.012868031019322724
2023-11-10,0,0.6234713634714871,0,bear,5.0369291810340647e-05,0.012868031019322724
2023-11-13,0,0.6533260220587804,0,bear,5.0369291810340647e-05,0.012868031019322724
2023-11-14,0,0.7165858061088746,0,bear,5.0369291810340647e-05,0.012868031019322724
2023-11-15,0,0.6820640486280932,0,bear,5.0369291810340647e-05,0.012868031019322724
2023-11-16,0,0.6015211862122527,0,bear,5.0369291810340647e-05,0.012868031019322724
2023-11-17,0,0.5568149981576925,0,bear,5.0369291810340647e-05,0.012868031019322724
2023-11-20,0,0.5410819455461665,0,bear,5.0369291810340647e-05,0.012868031019322724
2023-11-21,0,0.5359333383432405,0,bear,5.0369291810340647e-05,0.012868031019322724
2023-11-22,0,0.5119588461329766,0,bear,5.0369291810340647e-05,0.012868031019322724
2023-11-24,0,0.4976347800371091,0,bear,5.0369291810340647e-05,0.012868031019322724
2023-11-27,0,0.49628571214870776,0,bear,5.0369291810340647e-05,0.012868031019322724
2023-11-28,0,0.49397139255259565,0,bear,5.0369291810340647e-05,0.012868031019322724
2023-11-29,0,0.49299230631636104,0,bear,5.0369291810340647e-05,0.012868031019322724
2023-11-30,0,0.49338194861467083,0,bear,5.0369291810340647e-05,0.012868031019322724
2023-12-01,0,0.49440024669263727,0,bear,5.0369291810340647e-05,0.012868031019322724
2023-12-04,2,0.992042474492944,1,bull,0.000499856647249135,0.008132159312251143
2023-12-05,2,0.991740665043163,0,bull,0.000499856647249135,0.008132159312251143
2023-12-06,2,0.9902721259477798,0,bull,0.000499856647249135,0.008132159312251143
2023-12-07,2,0.9897762583623487,0,bull,0.000499856647249135,0.008132159312251143
2023-12-08,2,0.9914443200774374,0,bull,0.000499856647249135,0.008132159312251143
2023-12-11,2,0.9926377299433486,0,bull,0.000499856647249135,0.008132159312251143
2023-12-12,2,0.9918046071788538,0,bull,0.000499856647249135,0.008132159312251143
2023-12-13,2,0.9909433852951879,0,bull,0.000499856647249135,0.008132159312251143
2023-12-14,2,0.9908018624451911,0,bull,0.000499856647249135,0.008132159312251143
2023-12-15,2,0.9921930579640145,0,bull,0.000499856647249135,0.008132159312251143
2023-12-18,2,0.9917192226689013,0,bull,0.000499856647249135,0.008132159312251143
2023-12-19,2,0.9912345508487885,0,bull,0.000499856647249135,0.008132159312251143
2023-12-20,2,0.9819683008745397,0,bull,0.000499856647249135,0.008132159312251143
2023-12-21,2,0.9803561484999367,0,bull,0.000499856647249135,0.008132159312251143
2023-12-22,2,0.9810443373719697,0,bull,0.000499856647249135,0.008132159312251143
2023-12-26,2,0.9828314424209823,0,bull,0.000499856647249135,0.008132159312251143
2023-12-27,2,0.9836876402196095,0,bull,0.000499856647249135,0.008132159312251143
2023-12-28,2,0.9895966237580138,0,bull,0.000499856647249135,0.008132159312251143
2023-12-29,2,0.9909711305227104,0,bull,0.000499856647249135,0.008132159312251143
2024-01-02,2,0.9886101618333282,0,bull,0.000499856647249135,0.008132159312251143
2024-01-03,2,0.9814065227770258,0,bull,0.000499856647249135,0.008132159312251143
2024-01-04,2,0.9797475277397226,0,bull,0.000499856647249135,0.008132159312251143
2024-01-05,2,0.9881013118632167,0,bull,0.000499856647249135,0.008132159312251143
2024-01-08,2,0.9780288524082621,0,bull,0.000499856647249135,0.008132159312251143
2024-01-09,2,0.976048204176958,0,bull,0.000499856647249135,0.008132159312251143
2024-01-10,2,0.9821870525534908,0,bull,0.000499856647249135,0.008132159312251143
2024-01-11,2,0.9806764727916228,0,bull,0.000499856647249135,0.008132159312251143
2024-01-12,2,0.9848946785951745,0,bull,0.000499856647249135,0.008132159312251143
2024-01-16,2,0.9852933555318337,0,bull,0.000499856647249135,0.008132159312251143
2024-01-17,2,0.980854978136934,0,bull,0.000499856647249135,0.008132159312251143
2024-01-18,2,0.9819665571090119,0,bull,0.000499856647249135,0.008132159312251143
2024-01-19,2,0.9714640120676821,0,bull,0.000499856647249135,0.008132159312251143
2024-01-22,2,0.985025909021513,0,bull,0.000499856647249135,0.008132159312251143
2024-01-23,2,0.9906431335668722,0,bull,0.000499856647249135,0.008132159312251143
2024-01-24,2,0.9916942599401616,0,bull,0.000499856647249135,0.008132159312251143
2024-01-25,2,0.9914429904986574,0,bull,0.000499856647249135,0.008132159312251143
2024-01-26,2,0.991835402616533,0,bull,0.000499856647249135,0.008132159312251143
2024-01-29,2,0.9916545613864539,0,bull,0.000499856647249135,0.008132159312251143
2024-01-30,2,0.9920328870943368,0,bull,0.000499856647249135,0.008132159312251143
2024-01-31,2,0.949023837126832,0,bull,0.000499856647249135,0.008132159312251143
2024-02-01,2,0.95177979027055,0,bull,0.000499856647249135,0.008132159312251143
2024-02-02,2,0.9563291538283312,0,bull,0.000499856647249135,0.008132159312251143
2024-02-05,2,0.9395837394919123,0,bull,0.000499856647249135,0.008132159312251143
2024-02-06,2,0.9542781473392494,0,bull,0.000499856647249135,0.008132159312251143
2024-02-07,2,0.9787063267025946,0,bull,0.000499856647249135,0.008132159312251143
2024-02-08,2,0.9801981872413261,0,bull,0.000499856647249135,0.008132159312251143
2024-02-09,2,0.9838691495807221,0,bull,0.000499856647249135,0.008132159312251143
2024-02-12,2,0.983363339083805,0,bull,0.000499856647249135,0.008132159312251143
2024-02-13,2,0.9099146216702932,0,bull,0.000499856647249135,0.008132159312251143
2024-02-14,2,0.960529431245574,0,bull,0.000499856647249135,0.008132159312251143
2024-02-15,2,0.968442002429327,0,bull,0.000499856647249135,0.008132159312251143
2024-02-16,2,0.9629056675844891,0,bull,0.000499856647249135,0.008132159312251143
2024-02-20,2,0.9410447806616742,0,bull,0.000499856647249135,0.008132159312251143
2024-02-21,2,0.9618053252304779,0,bull,0.000499856647249135,0.008132159312251143
2024-02-22,2,0.8479861826583994,0,bull,0.000499856647249135,0.008132159312251143
2024-02-23,2,0.8433192531753447,0,bull,0.000499856647249135,0.008132159312251143
2024-02-26,2,0.820696716655849,0,bull,0.000499856647249135,0.008132159312251143
2024-02-27,2,0.8527876783543513,0,bull,0.000499856647249135,0.008132159312251143
2024-02-28,2,0.8842765954072315,0,bull,0.000499856647249135,0.008132159312251143
2024-02-29,2,0.9752860173367318,0,bull,0.000499856647249135,0.008132159312251143
2024-03-01,2,0.9747332918903859,0,bull,0.000499856647249135,0.008132159312251143
2024-03-04,2,0.9778867680445695,0,bull,0.000499856647249135,0.008132159312251143
2024-03-05,2,0.9432518179174205,0,bull,0.000499856647249135,0.008132159312251143
2024-03-06,2,0.9486013275941099,0,bull,0.000499856647249135,0.008132159312251143
2024-03-07,2,0.9686862943763662,0,bull,0.000499856647249135,0.008132159312251143
2024-03-08,2,0.9418076956815886,0,bull,0.000499856647249135,0.008132159312251143
2024-03-11,2,0.9397788048262141,0,bull,0.000499856647249135,0.008132159312251143
2024-03-12,2,0.9450897631099743,0,bull,0.000499856647249135,0.008132159312251143
2024-03-13,2,0.9613478285755646,0,bull,0.000499856647249135,0.008132159312251143
2024-03-14,2,0.9564830539300473,0,bull,0.000499856647249135,0.008132159312251143
2024-03-15,2,0.9355132950500119,0,bull,0.000499856647249135,0.008132159312251143
2024-03-18,2,0.9496474348414073,0,bull,0.000499856647249135,0.008132159312251143
2024-03-19,2,0.9775000497435733,0,bull,0.000499856647249135,0.008132159312251143
2024-03-20,2,0.9729431308572807,0,bull,0.000499856647249135,0.008132159312251143
2024-03-21,2,0.9883069110631921,0,bull,0.000499856647249135,0.008132159312251143
2024-03-22,2,0.9902513555436201,0,bull,0.000499856647249135,0.008132159312251143
2024-03-25,2,0.9889906235991535,0,bull,0.000499856647249135,0.008132159312251143
2024-03-26,2,0.9866910270939081,0,bull,0.000499856647249135,0.008132159312251143
2024-03-27,2,0.9885334665482088,0,bull,0.000499856647249135,0.008132159312251143
2024-03-28,2,0.9892901673313825,0,bull,0.000499856647249135,0.008132159312251143
2024-04-01,2,0.9890006406179201,0,bull,0.000499856647249135,0.008132159312251143
2024-04-02,2,0.982412301978546,0,bull,0.000499856647249135,0.008132159312251143
2024-04-03,2,0.9894097106251377,0,bull,0.000499856647249135,0.008132159312251143
2024-04-04,2,0.9703262875584884,0,bull,0.000499856647249135,0.008132159312251143
2024-04-05,2,0.9545564006086988,0,bull,0.000499856647249135,0.008132159312251143
2024-04-08,2,0.9606898206309935,0,bull,0.000499856647249135,0.008132159312251143
2024-04-09,2,0.9717745114510582,0,bull,0.000499856647249135,0.008132159312251143
2024-04-10,2,0.9422948759938741,0,bull,0.000499856647249135,0.008132159312251143
2024-04-11,2,0.964184147803972,0,bull,0.000499856647249135,0.008132159312251143
2024-04-12,2,0.8725045069086168,0,bull,0.000499856647249135,0.008132159312251143
2024-04-15,2,0.788688241445439,0,bull,0.000499856647249135,0.008132159312251143
2024-04-16,2,0.792865201571235,0,bull,0.000499856647249135,0.008132159312251143
2024-04-17,2,0.7648471106313492,0,bull,0.000499856647249135,0.008132159312251143
2024-04-18,2,0.8404955148404138,0,bull,0.000499856647249135,0.008132159312251143
2024-04-19,2,0.850124145229024,0,bull,0.000499856647249135,0.008132159312251143
2024-04-22,2,0.8043285406743428,0,bull,0.000499856647249135,0.008132159312251143
2024-04-23,2,0.7340734588248284,0,bull,0.000499856647249135,0.008132159312251143
2024-04-24,2,0.7855957290319227,0,bull,0.000499856647249135,0.008132159312251143
2024-04-25,2,0.7952355368653442,0,bull,0.000499856647249135,0.008132159312251143
2024-04-26,2,0.8567890236615877,0,bull,0.000499856647249135,0.008132159312251143
2024-04-29,2,0.9069789574424088,0,bull,0.000499856647249135,0.008132159312251143
2024-04-30,2,0.7209934752028628,0,bull,0.000499856647249135,0.008132159312251143
2024-05-01,2,0.7056309176058052,0,bull,0.000499856647249135,0.008132159312251143
2024-05-02,2,0.7456382156715659,0,bull,0.000499856647249135,0.008132159312251143
2024-05-03,2,0.7752669650836106,0,bull,0.000499856647249135,0.008132159312251143
2024-05-06,2,0.7626035580367279,0,bull,0.000499856647249135,0.008132159312251143
2024-05-07,2,0.8663798827804594,0,bull,0.000499856647249135,0.008132159312251143
2024-05-08,2,0.8979907919657596,0,bull,0.000499856647249135,0.008132159312251143
2024-05-09,2,0.9162690977960768,0,bull,0.000499856647249135,0.008132159312251143
2024-05-10,2,0.9597700273075533,0,bull,0.000499856647249135,0.008132159312251143
2024-05-13,2,0.975548303594264,0,bull,0.000499856647249135,0.008132159312251143
2024-05-14,2,0.9875306418098282,0,bull,0.000499856647249135,0.008132159312251143
2024-05-15,2,0.9865087676391299,0,bull,0.000499856647249135,0.008132159312251143
2024-05-16,2,0.9852875734286959,0,bull,0.000499856647249135,0.008132159312251143
2024-05-17,2,0.9895780977931624,0,bull,0.000499856647249135,0.008132159312251143
2024-05-20,2,0.9901003336153256,0,bull,0.000499856647249135,0.008132159312251143
2024-05-21,2,0.9906839487638361,0,bull,0.000499856647249135,0.008132159312251143
2024-05-22,0,0.4980001828085347,1,bear,5.0369291810340647e-05,0.012868031019322724
2024-05-23,0,0.5050430127967254,0,bear,5.0369291810340647e-05,0.012868031019322724
2024-05-24,0,0.5067303726735126,0,bear,5.0369291810340647e-05,0.012868031019322724
2024-05-28,0,0.5065989371255625,0,bear,5.0369291810340647e-05,0.012868031019322724
2024-05-29,0,0.5052491409528972,0,bear,5.0369291810340647e-05,0.012868031019322724
2024-05-30,0,0.5044705484941029,0,bear,5.0369291810340647e-05,0.012868031019322724
2024-05-31,0,0.5057461596208503,0,bear,5.0369291810340647e-05,0.012868031019322724
2024-06-03,0,0.5029949043563554,0,bear,5.0369291810340647e-05,0.012868031019322724
2024-06-04,0,0.5012603088691989,0,bear,5.0369291810340647e-05,0.012868031019322724
2024-06-05,0,0.5044561558260975,0,bear,5.0369291810340647e-05,0.012868031019322724
2024-06-06,0,0.5027822313106945,0,bear,5.0369291810340647e-05,0.012868031019322724
2024-06-07,0,0.5021349755526386,0,bear,5.0369291810340647e-05,0.012868031019322724
2024-06-10,0,0.5016445752283754,0,bear,5.0369291810340647e-05,0.012868031019322724
2024-06-11,0,0.5011065352176228,0,bear,5.0369291810340647e-05,0.012868031019322724
2024-06-12,0,0.49907117628430026,0,bear,5.0369291810340647e-05,0.012868031019322724
2024-06-13,0,0.49535361424948504,0,bear,5.0369291810340647e-05,0.012868031019322724
2024-06-14,0,0.49510676384622815,0,bear,5.0369291810340647e-05,0.012868031019322724
2024-06-17,0,0.4962763591008246,0,bear,5.0369291810340647e-05,0.012868031019322724
2024-06-18,0,0.49626437812769775,0,bear,5.0369291810340647e-05,0.012868031019322724
2024-06-20,0,0.4974946256293943,0,bear,5.0369291810340647e-05,0.012868031019322724
2024-06-21,0,0.4977824197713826,0,bear,5.0369291810340647e-05,0.012868031019322724
2024-06-24,0,0.49775805555838226,0,bear,5.0369291810340647e-05,0.012868031019322724
2024-06-25,0,0.49629208692010407,0,bear,5.0369291810340647e-05,0.012868031019322724
2024-06-26,0,0.4960681583240933,0,bear,5.0369291810340647e-05,0.012868031019322724
2024-06-27,0,0.49353472629434847,0,bear,5.0369291810340647e-05,0.012868031019322724
2024-06-28,0,0.4939625802097629,0,bear,5.0369291810340647e-05,0.012868031019322724
2024-07-01,0,0.4927956774821717,0,bear,5.0369291810340647e-05,0.012868031019322724
2024-07-02,0,0.493326889832951,0,bear,5.0369291810340647e-05,0.012868031019322724
2024-07-03,0,0.49369360983849525,0,bear,5.0369291810340647e-05,0.012868031019322724
2024-07-05,0,0.4916009215680917,0,bear,5.0369291810340647e-05,0.012868031019322724
2024-07-08,0,0.4896173873913425,0,bear,5.0369291810340647e-05,0.012868031019322724
2024-07-09,0,0.4881095084503876,0,bear,5.0369291810340647e-05,0.012868031019322724
2024-07-10,0,0.4903723850268247,0,bear,5.0369291810340647e-05,0.012868031019322724
2024-07-11,0,0.4974715124539176,0,bear,5.0369291810340647e-05,0.012868031019322724
2024-07-12,0,0.49647286197942686,0,bear,5.0369291810340647e-05,0.012868031019322724
2024-07-15,0,0.4940839716146435,0,bear,5.0369291810340647e-05,0.012868031019322724
2024-07-16,0,0.4926133225861021,0,bear,5.0369291810340647e-05,0.012868031019322724
2024-07-17,0,0.5101514914525546,0,bear,5.0369291810340647e-05,0.012868031019322724
2024-07-18,0,0.5267725960982803,0,bear,5.0369291810340647e-05,0.012868031019322724
2024-07-19,0,0.5399135292704784,0,bear,5.0369291810340647e-05,0.012868031019322724
2024-07-22,0,0.555973796437113,0,bear,5.0369291810340647e-05,0.012868031019322724
2024-07-23,0,0.5531884983655225,0,bear,5.0369291810340647e-05,0.012868031019322724
2024-07-24,0,0.8402860781269876,0,bear,5.0369291810340647e-05,0.012868031019322724
2024-07-25,0,0.8577592180715761,0,bear,5.0369291810340647e-05,0.012868031019322724
2024-07-26,2,0.5959678635358423,1,bull,0.000499856647249135,0.008132159312251143
2024-07-29,2,0.6279670686550272,0,bull,0.000499856647249135,0.008132159312251143
2024-07-30,2,0.6207176577928692,0,bull,0.000499856647249135,0.008132159312251143
2024-07-31,2,0.6625650803897272,0,bull,0.000499856647249135,0.008132159312251143
2024-08-01,2,0.5592324154729741,1,bull,0.000499856647249135,0.008132159312251143
2024-08-02,2,0.5082365933890337,0,bull,0.000499856647249135,0.008132159312251143
2024-08-05,2,0.4784665677275654,0,bull,0.000499856647249135,0.008132159312251143
2024-08-06,2,0.4826641199509973,0,bull,0.000499856647249135,0.008132159312251143
2024-08-07,2,0.484502507872677,0,bull,0.000499856647249135,0.008132159312251143
2024-08-08,2,0.4835166375830707,0,bull,0.000499856647249135,0.008132159312251143
2024-08-09,2,0.48757382609201855,0,bull,0.000499856647249135,0.008132159312251143
2024-08-12,2,0.4925304018733218,0,bull,0.000499856647249135,0.008132159312251143
2024-08-13,2,0.49139988957242264,0,bull,0.000499856647249135,0.008132159312251143
2024-08-14,2,0.49374347479692965,0,bull,0.000499856647249135,0.008132159312251143
2024-08-15,2,0.49476679694576986,0,bull,0.000499856647249135,0.008132159312251143
2024-08-16,2,0.4971526658996135,0,bull,0.000499856647249135,0.008132159312251143
2024-08-19,2,0.5088532190137909,0,bull,0.000499856647249135,0.008132159312251143
2024-08-20,2,0.5107807814840121,0,bull,0.000499856647249135,0.008132159312251143
2024-08-21,2,0.5720314176389266,0,bull,0.000499856647249135,0.008132159312251143
2024-08-22,2,0.5730780623629003,0,bull,0.000499856647249135,0.008132159312251143
2024-08-23,2,0.5604211042767047,0,bull,0.000499856647249135,0.008132159312251143
2024-08-26,2,0.5568965815343528,0,bull,0.000499856647249135,0.008132159312251143
2024-08-27,2,0.5882441117883146,0,bull,0.000499856647249135,0.008132159312251143
2024-08-28,2,0.5817285856952318,0,bull,0.000499856647249135,0.008132159312251143
2024-08-29,2,0.6816708134820091,0,bull,0.000499856647249135,0.008132159312251143
2024-08-30,2,0.7821630908718618,0,bull,0.000499856647249135,0.008132159312251143
2024-09-03,2,0.6616218331605768,0,bull,0.000499856647249135,0.008132159312251143
2024-09-04,2,0.6542281831596242,0,bull,0.000499856647249135,0.008132159312251143
2024-09-05,2,0.6668541468494118,0,bull,0.000499856647249135,0.008132159312251143
2024-09-06,2,0.568265754372121,0,bull,0.000499856647249135,0.008132159312251143
2024-09-09,2,0.5721923738603063,0,bull,0.000499856647249135,0.008132159312251143
2024-09-10,2,0.614669407241839,0,bull,0.000499856647249135,0.008132159312251143
2024-09-11,2,0.626717338585012,0,bull,0.000499856647249135,0.008132159312251143
2024-09-12,2,0.6438333557002645,0,bull,0.000499856647249135,0.008132159312251143
2024-09-13,2,0.8385273854879511,0,bull,0.000499856647249135,0.008132159312251143
2024-09-16,2,0.8484835265207487,0,bull,0.000499856647249135,0.008132159312251143
2024-09-17,2,0.9269834077721926,0,bull,0.000499856647249135,0.008132159312251143
2024-09-18,2,0.920047380023522,0,bull,0.000499856647249135,0.008132159312251143
2024-09-19,2,0.8265855554355821,0,bull,0.000499856647249135,0.008132159312251143
2024-09-20,2,0.9153314198719823,0,bull,0.000499856647249135,0.008132159312251143
2024-09-23,2,0.9330503897776903,0,bull,0.000499856647249135,0.008132159312251143
2024-09-24,2,0.9404398574624245,0,bull,0.000499856647249135,0.008132159312251143
2024-09-25,2,0.9339504810115099,0,bull,0.000499856647249135,0.008132159312251143
2024-09-26,2,0.9686849557616076,0,bull,0.000499856647249135,0.008132159312251143
2024-09-27,2,0.9661022841906939,0,bull,0.000499856647249135,0.008132159312251143
2024-09-30,2,0.9693642597412506,0,bull,0.000499856647249135,0.008132159312251143
2024-10-01,2,0.9710080616261278,0,bull,0.000499856647249135,0.008132159312251143
2024-10-02,2,0.9765523391431975,0,bull,0.000499856647249135,0.008132159312251143
2024-10-03,2,0.986110681104502,0,bull,0.000499856647249135,0.008132159312251143
2024-10-04,2,0.991570667968517,0,bull,0.000499856647249135,0.008132159312251143
2024-10-07,2,0.9826838869501806,0,bull,0.000499856647249135,0.008132159312251143
2024-10-08,2,0.9822085389088686,0,bull,0.000499856647249135,0.008132159312251143
2024-10-09,2,0.9836389559701368,0,bull,0.000499856647249135,0.008132159312251143
2024-10-10,2,0.9805154249072101,0,bull,0.000499856647249135,0.008132159312251143
2024-10-11,2,0.9826251079113947,0,bull,0.000499856647249135,0.008132159312251143
2024-10-14,2,0.9867468889794853,0,bull,0.000499856647249135,0.008132159312251143
2024-10-15,2,0.9767833460307914,0,bull,0.000499856647249135,0.008132159312251143
2024-10-16,2,0.9825770672036809,0,bull,0.000499856647249135,0.008132159312251143
2024-10-17,2,0.9881521132918668,0,bull,0.000499856647249135,0.008132159312251143
2024-10-18,2,0.9906607747651142,0,bull,0.000499856647249135,0.008132159312251143
2024-10-21,2,0.9919336482625241,0,bull,0.000499856647249135,0.008132159312251143
2024-10-22,2,0.9917137578474295,0,bull,0.000499856647249135,0.008132159312251143
2024-10-23,2,0.9839795385107428,0,bull,0.000499856647249135,0.008132159312251143
2024-10-24,2,0.9863229564327749,0,bull,0.000499856647249135,0.008132159312251143
2024-10-25,2,0.9861875282406236,0,bull,0.000499856647249135,0.008132159312251143
2024-10-28,2,0.9878779856377005,0,bull,0.000499856647249135,0.008132159312251143
2024-10-29,2,0.9912947188660441,0,bull,0.000499856647249135,0.008132159312251143
2024-10-30,2,0.9906531974823042,0,bull,0.000499856647249135,0.008132159312251143
2024-10-31,2,0.9189078065833287,0,bull,0.000499856647249135,0.008132159312251143
2024-11-01,2,0.9305372776766184,0,bull,0.000499856647249135,0.008132159312251143
2024-11-04,2,0.9423030824465339,0,bull,0.000499856647249135,0.008132159312251143
2024-11-05,2,0.9115988802757692,0,bull,0.000499856647249135,0.008132159312251143
2024-11-06,2,0.6744809969272644,0,bull,0.000499856647249135,0.008132159312251143
2024-11-07,2,0.7916413915569813,0,bull,0.000499856647249135,0.008132159312251143
2024-11-08,2,0.7997566942731724,0,bull,0.000499856647249135,0.008132159312251143
2024-11-11,2,0.8204984508064768,0,bull,0.000499856647249135,0.008132159312251143
2024-11-12,2,0.7952110072269081,0,bull,0.000499856647249135,0.008132159312251143
2024-11-13,2,0.8970053561679887,0,bull,0.000499856647249135,0.008132159312251143
2024-11-14,1,0.5013769227804424,1,sideways,0.0008412780437692452,0.008221098501449215
2024-11-15,1,0.5069574881839102,0,sideways,0.0008412780437692452,0.008221098501449215
2024-11-18,1,0.5113014328859377,0,sideways,0.0008412780437692452,0.008221098501449215
2024-11-19,1,0.5131887343189465,0,sideways,0.0008412780437692452,0.008221098501449215
2024-11-20,1,0.5011346113152705,0,sideways,0.0008412780437692452,0.008221098501449215
2024-11-21,1,0.5004933212147434,0,sideways,0.0008412780437692452,0.008221098501449215
2024-11-22,1,0.49623665053985316,0,sideways,0.0008412780437692452,0.008221098501449215
2024-11-25,1,0.4964823483088142,0,sideways,0.0008412780437692452,0.008221098501449215
2024-11-26,1,0.4969588572251224,0,sideways,0.0008412780437692452,0.008221098501449215
2024-11-27,1,0.49926442125823023,0,sideways,0.0008412780437692452,0.008221098501449215
2024-11-29,1,0.4941452217766575,0,sideways,0.0008412780437692452,0.008221098501449215
2024-12-02,1,0.49157184174911583,0,sideways,0.0008412780437692452,0.008221098501449215
2024-12-03,1,0.4918414109227585,0,sideways,0.0008412780437692452,0.008221098501449215
2024-12-04,1,0.4918868637008931,0,sideways,0.0008412780437692452,0.008221098501449215
2024-12-05,1,0.492547354784196,0,sideways,0.0008412780437692452,0.008221098501449215
2024-12-06,1,0.49187001363622496,0,sideways,0.0008412780437692452,0.008221098501449215
2024-12-09,1,0.4953880635380453,0,sideways,0.0008412780437692452,0.008221098501449215
2024-12-10,1,0.49606646745583777,0,sideways,0.0008412780437692452,0.008221098501449215
2024-12-11,1,0.4963202014397789,0,sideways,0.0008412780437692452,0.008221098501449215
2024-12-12,1,0.49713009891812626,0,sideways,0.0008412780437692452,0.008221098501449215
2024-12-13,1,0.49606554252731616,0,sideways,0.0008412780437692452,0.008221098501449215
2024-12-16,1,0.4940775499161969,0,sideways,0.0008412780437692452,0.008221098501449215
2024-12-17,1,0.4946251649746052,0,sideways,0.0008412780437692452,0.008221098501449215
2024-12-18,1,0.4871103018506344,0,sideways,0.0008412780437692452,0.008221098501449215
2024-12-19,1,0.4891754605310518,0,sideways,0.0008412780437692452,0.008221098501449215
2024-12-20,1,0.49621669201688323,0,sideways,0.0008412780437692452,0.008221098501449215
2024-12-23,1,0.5013698719087286,0,sideways,0.0008412780437692452,0.008221098501449215
2024-12-24,1,0.5150365974683381,0,sideways,0.0008412780437692452,0.008221098501449215
2024-12-26,1,0.5085225038727449,0,sideways,0.0008412780437692452,0.008221098501449215
2024-12-27,2,0.6649148025479684,1,bull,0.000499856647249135,0.008132159312251143
2024-12-30,2,0.5853140216493004,1,bull,0.000499856647249135,0.008132159312251143
2024-12-31,2,0.5780107095909659,0,bull,0.000499856647249135,0.008132159312251143
2025-01-02,2,0.6086453018111642,0,bull,0.000499856647249135,0.008132159312251143
2025-01-03,2,0.6691241963965815,0,bull,0.000499856647249135,0.008132159312251143
2025-01-06,2,0.7103081000866571,0,bull,0.000499856647249135,0.008132159312251143
2025-01-07,2,0.6266815261962391,0,bull,0.000499856647249135,0.008132159312251143
2025-01-08,2,0.6648579359381204,0,bull,0.000499856647249135,0.008132159312251143
2025-01-10,2,0.5565518926660566,0,bull,0.000499856647249135,0.008132159312251143
2025-01-13,2,0.5965553547709747,0,bull,0.000499856647249135,0.008132159312251143
2025-01-14,2,0.6389961997566375,0,bull,0.000499856647249135,0.008132159312251143
2025-01-15,2,0.5715055815507102,0,bull,0.000499856647249135,0.008132159312251143
2025-01-16,2,0.5674553770157253,0,bull,0.000499856647249135,0.008132159312251143
2025-01-17,2,0.6111922514102845,0,bull,0.000499856647249135,0.008132159312251143
2025-01-21,2,0.844839073453842,0,bull,0.000499856647249135,0.008132159312251143
2025-01-22,2,0.8619048768113078,0,bull,0.000499856647249135,0.008132159312251143
2025-01-23,2,0.9290908862590167,0,bull,0.000499856647249135,0.008132159312251143
2025-01-24,2,0.9106440189105174,0,bull,0.000499856647249135,0.008132159312251143
2025-01-27,2,0.772781683957901,0,bull,0.000499856647249135,0.008132159312251143
2025-01-28,2,0.7883955904312823,0,bull,0.000499856647249135,0.008132159312251143
2025-01-29,2,0.7845120521325507,0,bull,0.000499856647249135,0.008132159312251143
2025-01-30,2,0.8835881526182627,0,bull,0.000499856647249135,0.008132159312251143
2025-01-31,2,0.8611978262816498,0,bull,0.000499856647249135,0.008132159312251143
2025-02-03,2,0.8492396837684084,0,bull,0.000499856647249135,0.008132159312251143
2025-02-04,2,0.8897735115036592,0,bull,0.000499856647249135,0.008132159312251143
2025-02-05,2,0.9052338558206686,0,bull,0.000499856647249135,0.008132159312251143
2025-02-06,2,0.9432335324406097,0,bull,0.000499856647249135,0.008132159312251143
2025-02-07,2,0.8812567672445104,0,bull,0.000499856647249135,0.008132159312251143
2025-02-10,2,0.966612461956631,0,bull,0.000499856647249135,0.008132159312251143
2025-02-11,2,0.9720388598154355,0,bull,0.000499856647249135,0.008132159312251143
2025-02-12,2,0.9678230204007656,0,bull,0.000499856647249135,0.008132159312251143
2025-02-13,2,0.9724462765080016,0,bull,0.000499856647249135,0.008132159312251143
2025-02-14,2,0.9823828621359854,0,bull,0.000499856647249135,0.008132159312251143
2025-02-18,2,0.9878723669590873,0,bull,0.000499856647249135,0.008132159312251143
2025-02-19,2,0.9896027003929002,0,bull,0.000499856647249135,0.008132159312251143
2025-02-20,2,0.9856926766273203,0,bull,0.000499856647249135,0.008132159312251143
2025-02-21,2,0.88712325653809,0,bull,0.000499856647249135,0.008132159312251143
2025-02-24,2,0.8908088603875809,0,bull,0.000499856647249135,0.008132159312251143
2025-02-25,2,0.9250011555822673,0,bull,0.000499856647249135,0.008132159312251143
2025-02-26,2,0.9389049601572543,0,bull,0.000499856647249135,0.008132159312251143
2025-02-27,2,0.8068583558428679,0,bull,0.000499856647249135,0.008132159312251143
2025-02-28,2,0.7053954366290837,0,bull,0.000499856647249135,0.008132159312251143
2025-03-03,2,0.5548189820920546,0,bull,0.000499856647249135,0.008132159312251143
2025-03-04,2,0.52643965553606,0,bull,0.000499856647249135,0.008132159312251143
2025-03-05,2,0.5175522247205313,0,bull,0.000499856647249135,0.008132159312251143
2025-03-06,2,0.49698843511742996,0,bull,0.000499856647249135,0.008132159312251143
2025-03-07,2,0.5104120123138438,0,bull,0.000499856647249135,0.008132159312251143
2025-03-10,0,0.9725634308359368,1,bear,5.0369291810340647e-05,0.012868031019322724
2025-03-11,0,0.9738761326486334,1,bear,5.0369291810340647e-05,0.012868031019322724
2025-03-12,0,0.9738479925056498,1,bear,5.0369291810340647e-05,0.012868031019322724
2025-03-13,0,0.9714079448718175,1,bear,5.0369291810340647e-05,0.012868031019322724
2025-03-14,0,0.9592981354585213,1,bear,5.0369291810340647e-05,0.012868031019322724
2025-03-17,0,0.9299530556182396,1,bear,5.0369291810340647e-05,0.012868031019322724
2025-03-18,0,0.9462325148622983,0,bear,5.0369291810340647e-05,0.012868031019322724
2025-03-19,0,0.9198054925111852,0,bear,5.0369291810340647e-05,0.012868031019322724
2025-03-20,0,0.9007284105903355,0,bear,5.0369291810340647e-05,0.012868031019322724
2025-03-21,0,0.8846248538824877,0,bear,5.0369291810340647e-05,0.012868031019322724
2025-03-24,0,0.7803089705335481,0,bear,5.0369291810340647e-05,0.012868031019322724
2025-03-25,0,0.7207223451750733,0,bear,5.0369291810340647e-05,0.012868031019322724
2025-03-26,0,0.8055541561181925,0,bear,5.0369291810340647e-05,0.012868031019322724
2025-03-27,0,0.8256346647791384,0,bear,5.0369291810340647e-05,0.012868031019322724
2025-03-28,0,0.9288367041123122,0,bear,5.0369291810340647e-05,0.012868031019322724
2025-03-31,0,0.9076775175706607,0,bear,5.0369291810340647e-05,0.012868031019322724
2025-04-01,0,0.876481408136049,0,bear,5.0369291810340647e-05,0.012868031019322724
2025-04-02,0,0.8551650874281188,0,bear,5.0369291810340647e-05,0.012868031019322724
2025-04-03,0,0.6901683490692995,0,bear,5.0369291810340647e-05,0.012868031019322724
2025-04-04,0,0.36015296684080955,0,bear,5.0369291810340647e-05,0.012868031019322724
2025-04-07,0,0.37536301372652253,0,bear,5.0369291810340647e-05,0.012868031019322724
2025-04-08,0,0.36740260184487583,0,bear,5.0369291810340647e-05,0.012868031019322724
2025-04-09,0,0.15670134514687373,0,bear,5.0369291810340647e-05,0.012868031019322724
2025-04-10,0,0.15658467610838,0,bear,5.0369291810340647e-05,0.012868031019322724
2025-04-11,0,0.21483536507121204,0,bear,5.0369291810340647e-05,0.012868031019322724
2025-04-14,1,0.21794588111634827,1,sideways,0.0008412780437692452,0.008221098501449215
2025-04-15,1,0.22470920418143303,1,sideways,0.0008412780437692452,0.008221098501449215
2025-04-16,1,0.2856223387758739,1,sideways,0.0008412780437692452,0.008221098501449215
2025-04-17,1,0.32231462484918083,1,sideways,0.0008412780437692452,0.008221098501449215
2025-04-21,1,0.33761509137334705,1,sideways,0.0008412780437692452,0.008221098501449215
2025-04-22,1,0.33501476075837133,0,sideways,0.0008412780437692452,0.008221098501449215
2025-04-23,1,0.3372382884960374,0,sideways,0.0008412780437692452,0.008221098501449215
2025-04-24,1,0.4374869989050405,0,sideways,0.0008412780437692452,0.008221098501449215
2025-04-25,1,0.5734852036717171,0,sideways,0.0008412780437692452,0.008221098501449215
2025-04-28,1,0.8018690395090458,0,sideways,0.0008412780437692452,0.008221098501449215
2025-04-29,1,0.8326646111689913,0,sideways,0.0008412780437692452,0.008221098501449215
2025-04-30,1,0.8394980164664719,0,sideways,0.0008412780437692452,0.008221098501449215
2025-05-01,1,0.7665962200345853,0,sideways,0.0008412780437692452,0.008221098501449215
2025-05-02,1,0.9311660788433597,0,sideways,0.0008412780437692452,0.008221098501449215
2025-05-05,1,0.9558061595002834,0,sideways,0.0008412780437692452,0.008221098501449215
2025-05-06,1,0.9593438341344918,0,sideways,0.0008412780437692452,0.008221098501449215
2025-05-07,1,0.959736238152877,0,sideways,0.0008412780437692452,0.008221098501449215
2025-05-08,1,0.9067989199117039,0,sideways,0.0008412780437692452,0.008221098501449215
2025-05-09,1,0.6421291845080042,0,sideways,0.0008412780437692452,0.008221098501449215
2025-05-12,1,0.9116751453721952,0,sideways,0.0008412780437692452,0.008221098501449215
2025-05-13,1,0.9210817478877159,0,sideways,0.0008412780437692452,0.008221098501449215
2025-05-14,1,0.9237201054841107,0,sideways,0.0008412780437692452,0.008221098501449215
2025-05-15,1,0.8509355083844656,0,sideways,0.0008412780437692452,0.008221098501449215
2025-05-16,1,0.8484182569236521,0,sideways,0.0008412780437692452,0.008221098501449215
2025-05-19,2,0.8695144259675451,1,bull,0.000499856647249135,0.008132159312251143
2025-05-20,2,0.9086257596720554,0,bull,0.000499856647249135,0.008132159312251143
2025-05-21,2,0.6538974098934163,0,bull,0.000499856647249135,0.008132159312251143
2025-05-22,2,0.700494902926136,0,bull,0.000499856647249135,0.008132159312251143
2025-05-23,2,0.6649449444872991,0,bull,0.000499856647249135,0.008132159312251143
2025-05-27,2,0.6511879693750524,0,bull,0.000499856647249135,0.008132159312251143
2025-05-28,2,0.6110532741139907,0,bull,0.000499856647249135,0.008132159312251143
2025-05-29,2,0.6585164771967988,0,bull,0.000499856647249135,0.008132159312251143
2025-05-30,2,0.6486228138385006,0,bull,0.000499856647249135,0.008132159312251143
2025-06-02,2,0.7083114450644521,0,bull,0.000499856647249135,0.008132159312251143
2025-06-03,2,0.8226595905791705,0,bull,0.000499856647249135,0.008132159312251143
2025-06-04,2,0.8839084372249115,0,bull,0.000499856647249135,0.008132159312251143
2025-06-05,2,0.8813293021495083,0,bull,0.000499856647249135,0.008132159312251143
2025-06-06,2,0.8608098834482212,0,bull,0.000499856647249135,0.008132159312251143
2025-06-09,2,0.8869038936493308,0,bull,0.000499856647249135,0.008132159312251143
2025-06-10,2,0.9862124227027318,0,bull,0.000499856647249135,0.008132159312251143
2025-06-11,2,0.9849199325281841,0,bull,0.000499856647249135,0.008132159312251143
2025-06-12,2,0.9876503843864319,0,bull,0.000499856647249135,0.008132159312251143
2025-06-13,2,0.956242164483345,0,bull,0.000499856647249135,0.008132159312251143
2025-06-16,2,0.9490281779472642,0,bull,0.000499856647249135,0.008132159312251143
2025-06-17,2,0.8952054996829828,0,bull,0.000499856647249135,0.008132159312251143
2025-06-18,2,0.8980011131842032,0,bull,0.000499856647249135,0.008132159312251143
2025-06-20,2,0.9439985805319513,0,bull,0.000499856647249135,0.008132159312251143
2025-06-23,2,0.9586327611526344,0,bull,0.000499856647249135,0.008132159312251143
2025-06-24,2,0.9576748038028273,0,bull,0.000499856647249135,0.008132159312251143
2025-06-25,2,0.9799882760617326,0,bull,0.000499856647249135,0.008132159312251143
2025-06-26,2,0.9846441090467125,0,bull,0.000499856647249135,0.008132159312251143
2025-06-27,2,0.9866446811166112,0,bull,0.000499856647249135,0.008132159312251143
2025-06-30,2,0.9909691261232886,0,bull,0.000499856647249135,0.008132159312251143
2025-07-01,2,0.9907929255755432,0,bull,0.000499856647249135,0.008132159312251143
2025-07-02,2,0.9914858071881104,0,bull,0.000499856647249135,0.008132159312251143
2025-07-03,2,0.9908991999313504,0,bull,0.000499856647249135,0.008132159312251143
2025-07-07,2,0.987610096477345,0,bull,0.000499856647249135,0.008132159312251143
2025-07-08,2,0.9879565747684279,0,bull,0.000499856647249135,0.008132159312251143
2025-07-09,2,0.9898655387911817,0,bull,0.000499856647249135,0.008132159312251143
2025-07-10,2,0.9906597116688933,0,bull,0.000499856647249135,0.008132159312251143
2025-07-11,2,0.9903515815421156,0,bull,0.000499856647249135,0.008132159312251143
2025-07-14,2,0.9919165878682901,0,bull,0.000499856647249135,0.008132159312251143
2025-07-15,2,0.9922189113783596,0,bull,0.000499856647249135,0.008132159312251143
2025-07-16,2,0.992970614195668,0,bull,0.000499856647249135,0.008132159312251143
2025-07-17,2,0.9935559262928663,0,bull,0.000499856647249135,0.008132159312251143
2025-07-18,2,0.9933466322039,0,bull,0.000499856647249135,0.008132159312251143
2025-07-21,2,0.9927600097110838,0,bull,0.000499856647249135,0.008132159312251143
2025-07-22,2,0.9915829011971465,0,bull,0.000499856647249135,0.008132159312251143
2025-07-23,2,0.9922240049394713,0,bull,0.000499856647249135,0.008132159312251143
2025-07-24,2,0.9909076023273431,0,bull,0.000499856647249135,0.008132159312251143
2025-07-25,2,0.9905542379942432,0,bull,0.000499856647249135,0.008132159312251143
2025-07-28,2,0.990825549961366,0,bull,0.000499856647249135,0.008132159312251143
2025-07-29,2,0.991929101975932,0,bull,0.000499856647249135,0.008132159312251143
2025-07-30,2,0.9916905324093113,0,bull,0.000499856647249135,0.008132159312251143
2025-07-31,2,0.9918034977953349,0,bull,0.000499856647249135,0.008132159312251143
2025-08-01,2,0.9796598849729992,0,bull,0.000499856647249135,0.008132159312251143
2025-08-04,2,0.9602333853278994,0,bull,0.000499856647249135,0.008132159312251143
2025-08-05,2,0.9466238536887684,0,bull,0.000499856647249135,0.008132159312251143
2025-08-06,2,0.9490733705473824,0,bull,0.000499856647249135,0.008132159312251143
2025-08-07,2,0.9432370981014763,0,bull,0.000499856647249135,0.008132159312251143
2025-08-08,2,0.9731118136705754,0,bull,0.000499856647249135,0.008132159312251143
2025-08-11,2,0.9716512965238713,0,bull,0.000499856647249135,0.008132159312251143
2025-08-12,2,0.9713495521603028,1,bull,0.000499856647249135,0.008132159312251143
2025-08-13,2,0.9735722592575315,0,bull,0.000499856647249135,0.008132159312251143
2025-08-14,2,0.9770287968861427,0,bull,0.000499856647249135,0.008132159312251143
2025-08-15,2,0.9844511803509013,0,bull,0.000499856647249135,0.008132159312251143
2025-08-18,2,0.987084692695523,0,bull,0.000499856647249135,0.008132159312251143
2025-08-19,2,0.984541178879189,0,bull,0.000499856647249135,0.008132159312251143
2025-08-20,2,0.9825966505064078,0,bull,0.000499856647249135,0.008132159312251143
2025-08-21,2,0.9768733795419716,0,bull,0.000499856647249135,0.008132159312251143
2025-08-22,2,0.9385733869413626,0,bull,0.000499856647249135,0.008132159312251143
2025-08-25,2,0.9175381847448858,0,bull,0.000499856647249135,0.008132159312251143
2025-08-26,2,0.9489190602513687,0,bull,0.000499856647249135,0.008132159312251143
2025-08-27,2,0.9575404458296461,0,bull,0.000499856647249135,0.008132159312251143
2025-08-28,2,0.9682808167096538,0,bull,0.000499856647249135,0.008132159312251143
2025-08-29,2,0.9806912837430324,0,bull,0.000499856647249135,0.008132159312251143
2025-09-02,2,0.9748251534539618,0,bull,0.000499856647249135,0.008132159312251143
2025-09-03,2,0.9826204347904777,0,bull,0.000499856647249135,0.008132159312251143
2025-09-04,2,0.9820481888343431,0,bull,0.000499856647249135,0.008132159312251143
2025-09-05,2,0.9796100691114888,0,bull,0.000499856647249135,0.008132159312251143
2025-09-08,2,0.9887663267385376,0,bull,0.000499856647249135,0.008132159312251143
2025-09-09,2,0.9922245124374083,0,bull,0.000499856647249135,0.008132159312251143
2025-09-10,2,0.9928117394694771,0,bull,0.000499856647249135,0.008132159312251143
2025-09-11,2,0.9921902330673482,0,bull,0.000499856647249135,0.008132159312251143
2025-09-12,2,0.9911748388385204,0,bull,0.000499856647249135,0.008132159312251143
2025-09-15,2,0.9927838363052597,0,bull,0.000499856647249135,0.008132159312251143
2025-09-16,2,0.9928621268761888,0,bull,0.000499856647249135,0.008132159312251143
2025-09-17,2,0.9928536967245697,0,bull,0.000499856647249135,0.008132159312251143
2025-09-18,2,0.9927236405390907,0,bull,0.000499856647249135,0.008132159312251143
2025-09-19,2,0.9922532645080191,0,bull,0.000499856647249135,0.008132159312251143
2025-09-22,2,0.9917501996423623,0,bull,0.000499856647249135,0.008132159312251143
2025-09-23,2,0.9933818042440914,0,bull,0.000499856647249135,0.008132159312251143
2025-09-24,2,0.9932307992894146,0,bull,0.000499856647249135,0.008132159312251143
2025-09-25,2,0.991410237127143,0,bull,0.000499856647249135,0.008132159312251143
2025-09-26,2,0.9921980259444367,0,bull,0.000499856647249135,0.008132159312251143
2025-09-29,2,0.9929285209120347,0,bull,0.000499856647249135,0.008132159312251143
2025-09-30,2,0.9928688000570545,0,bull,0.000499856647249135,0.008132159312251143
2025-10-01,2,0.9919403951913107,0,bull,0.000499856647249135,0.008132159312251143
2025-10-02,2,0.9908510360617384,0,bull,0.000499856647249135,0.008132159312251143
2025-10-03,2,0.989961022042626,0,bull,0.000499856647249135,0.008132159312251143
2025-10-06,2,0.9899271837846966,0,bull,0.000499856647249135,0.008132159312251143
2025-10-07,2,0.9918936318311787,0,bull,0.000499856647249135,0.008132159312251143
2025-10-08,2,0.9920214949767543,0,bull,0.000499856647249135,0.008132159312251143
2025-10-09,2,0.9915532346067886,0,bull,0.000499856647249135,0.008132159312251143
2025-10-10,2,0.8084907227639411,0,bull,0.000499856647249135,0.008132159312251143
2025-10-13,2,0.7052244109753686,0,bull,0.000499856647249135,0.008132159312251143
2025-10-14,2,0.697069531676594,0,bull,0.000499856647249135,0.008132159312251143
2025-10-15,2,0.7184132635162244,0,bull,0.000499856647249135,0.008132159312251143
2025-10-16,2,0.6635578854940567,0,bull,0.000499856647249135,0.008132159312251143
2025-10-17,2,0.81462720765336,0,bull,0.000499856647249135,0.008132159312251143
2025-10-20,2,0.8287681969922556,0,bull,0.000499856647249135,0.008132159312251143
2025-10-21,2,0.8593783288496304,1,bull,0.000499856647249135,0.008132159312251143
2025-10-22,2,0.8202311776150462,0,bull,0.000499856647249135,0.008132159312251143
2025-10-23,2,0.8678848206292802,0,bull,0.000499856647249135,0.008132159312251143
2025-10-24,2,0.95949881944814,0,bull,0.000499856647249135,0.008132159312251143
2025-10-27,2,0.9559681637574549,0,bull,0.000499856647249135,0.008132159312251143
2025-10-28,2,0.9606635583983456,0,bull,0.000499856647249135,0.008132159312251143
2025-10-29,2,0.9635835306153531,0,bull,0.000499856647249135,0.008132159312251143
2025-10-30,2,0.8970390956352239,0,bull,0.000499856647249135,0.008132159312251143
2025-10-31,2,0.9074552937268794,0,bull,0.000499856647249135,0.008132159312251143
2025-11-03,2,0.9390895928822898,0,bull,0.000499856647249135,0.008132159312251143
2025-11-04,2,0.8373602133925129,0,bull,0.000499856647249135,0.008132159312251143
2025-11-05,2,0.858257367346503,0,bull,0.000499856647249135,0.008132159312251143
2025-11-06,2,0.7536015942391471,0,bull,0.000499856647249135,0.008132159312251143
2025-11-07,2,0.9345581674175627,0,bull,0.000499856647249135,0.008132159312251143
2025-11-10,2,0.9111512126268588,0,bull,0.000499856647249135,0.008132159312251143
2025-11-11,2,0.9410902884149234,0,bull,0.000499856647249135,0.008132159312251143
2025-11-12,2,0.944832343088263,0,bull,0.000499856647249135,0.008132159312251143
2025-11-13,2,0.8192959626096354,0,bull,0.000499856647249135,0.008132159312251143
2025-11-14,2,0.8071963310012726,0,bull,0.000499856647249135,0.008132159312251143
2025-11-17,2,0.7949713223541932,0,bull,0.000499856647249135,0.008132159312251143
2025-11-18,2,0.7665087717624108,0,bull,0.000499856647249135,0.008132159312251143
2025-11-19,2,0.7801574751179757,0,bull,0.000499856647249135,0.008132159312251143
2025-11-20,2,0.6590899912899093,0,bull,0.000499856647249135,0.008132159312251143
2025-11-21,2,0.623580366739203,0,bull,0.000499856647249135,0.008132159312251143
2025-11-24,2,0.6136731267351271,0,bull,0.000499856647249135,0.008132159312251143
2025-11-25,2,0.6238497833093513,0,bull,0.000499856647249135,0.008132159312251143
2025-11-26,2,0.6402042436589729,0,bull,0.000499856647249135,0.008132159312251143
2025-11-28,2,0.868516529755611,0,bull,0.000499856647249135,0.008132159312251143
2025-12-01,2,0.7750361062395514,0,bull,0.000499856647249135,0.008132159312251143
2025-12-02,2,0.8420535091044054,0,bull,0.000499856647249135,0.008132159312251143
2025-12-03,2,0.9183717034524924,0,bull,0.000499856647249135,0.008132159312251143
2025-12-04,2,0.922364800325731,0,bull,0.000499856647249135,0.008132159312251143
2025-12-05,2,0.9739997250687166,0,bull,0.000499856647249135,0.008132159312251143
2025-12-08,2,0.9698539080793773,0,bull,0.000499856647249135,0.008132159312251143
2025-12-09,2,0.9819013379339072,0,bull,0.000499856647249135,0.008132159312251143
2025-12-10,2,0.9818333753437425,0,bull,0.000499856647249135,0.008132159312251143
2025-12-11,2,0.9831537676895628,0,bull,0.000499856647249135,0.008132159312251143
2025-12-12,2,0.9723423383333487,0,bull,0.000499856647249135,0.008132159312251143
2025-12-15,2,0.9747102081281268,0,bull,0.000499856647249135,0.008132159312251143
2025-12-16,2,0.9775001333543376,0,bull,0.000499856647249135,0.008132159312251143
2025-12-17,2,0.9506123919420515,0,bull,0.000499856647249135,0.008132159312251143
2025-12-18,2,0.9351827115399709,0,bull,0.000499856647249135,0.008132159312251143
2025-12-19,2,0.9672706417464112,0,bull,0.000499856647249135,0.008132159312251143
2025-12-22,2,0.9732241346433277,0,bull,0.000499856647249135,0.008132159312251143
2025-12-23,2,0.982429651613091,0,bull,0.000499856647249135,0.008132159312251143
2025-12-24,2,0.9903408828628041,0,bull,0.000499856647249135,0.008132159312251143
2025-12-26,2,0.9905173450684075,0,bull,0.000499856647249135,0.008132159312251143
2025-12-29,2,0.9910350601940248,0,bull,0.000499856647249135,0.008132159312251143
2025-12-30,2,0.9914178884315896,0,bull,0.000499856647249135,0.008132159312251143
2025-12-31,2,0.9848009727556755,0,bull,0.000499856647249135,0.008132159312251143
