date,predicted_regime,confidence,transition_flag,regime_label
2021-05-10,3,0.9547,0,bull
2021-05-11,3,0.9534,0,bull
2021-05-12,3,0.9628,0,bull
2021-05-13,3,0.9869,0,bull
2021-05-14,3,0.9963,0,bull
2021-05-17,3,0.999,0,bull
2021-05-18,3,1.0,0,bull
2021-05-19,3,1.0,0,bull
2021-05-20,3,1.0,0,bull
2021-05-21,3,0.9988,0,bull
2021-05-24,3,0.9996,0,bull
2021-05-25,3,0.9917,0,bull
2021-05-26,1,0.9808,1,bull
2021-05-27,1,0.9825,0,bull
2021-05-28,1,0.9806,0,bull
2021-06-01,1,0.9753,0,bull
2021-06-02,1,0.9744,0,bull
2021-06-03,1,0.9812,0,bull
2021-06-04,1,0.9881,0,bull
2021-06-07,1,0.9919,0,bull
2021-06-08,1,0.993,0,bull
2021-06-09,1,0.9965,0,bull
2021-06-10,1,0.9964,0,bull
2021-06-11,1,0.9988,0,bull
2021-06-14,1,0.9998,0,bull
2021-06-15,1,1.0,0,bull
2021-06-16,3,0.9989,1,bull
2021-06-17,3,0.9944,0,bull
2021-06-18,3,0.9929,0,bull
2021-06-21,3,0.9884,0,bull
2021-06-22,3,0.9916,0,bull
2021-06-23,3,0.9929,0,bull
2021-06-24,3,0.9875,0,bull
2021-06-25,3,0.9789,0,bull
2021-06-28,3,0.9684,0,bull
2021-06-29,3,0.9765,0,bull
2021-06-30,3,0.9875,0,bull
2021-07-01,3,1.0,0,bull
2021-07-02,3,1.0,0,bull
2021-07-06,3,1.0,0,bull
2021-07-07,3,1.0,0,bull
2021-07-08,3,1.0,0,bull
2021-07-09,3,1.0,0,bull
2021-07-12,3,1.0,0,bull
2021-07-13,3,1.0,0,bull
2021-07-14,3,1.0,0,bull
2021-07-15,3,1.0,0,bull
2021-07-16,3,1.0,0,bull
2021-07-19,3,1.0,0,bull
2021-07-20,3,1.0,0,bull
2021-07-21,3,1.0,0,bull
2021-07-22,3,1.0,0,bull
2021-07-23,3,1.0,0,bull
2021-07-26,3,1.0,0,bull
2021-07-27,3,1.0,0,bull
2021-07-28,3,1.0,0,bull
2021-07-29,3,1.0,0,bull
2021-07-30,3,1.0,0,bull
2021-08-02,3,0.9932,0,bull
2021-08-03,3,0.9875,0,bull
2021-08-04,3,0.9828,0,bull
2021-08-05,3,0.9588,0,bull
2021-08-06,2,0.9244,1,bear
2021-08-09,2,0.8871,0,bear
2021-08-10,2,0.8595,0,bear
2021-08-11,2,0.8588,0,bear
2021-08-12,2,0.8555,0,bear
2021-08-13,2,0.8482,0,bear
2021-08-16,2,0.8324,0,bear
2021-08-17,2,0.8284,0,bear
2021-08-18,0,0.8041,1,bear
2021-08-19,0,0.7488,0,bear
2021-08-20,0,0.7115,0,bear
2021-08-23,0,0.7469,0,bear
2021-08-24,0,0.8248,0,bear
2021-08-25,0,0.8889,0,bear
2021-08-26,0,0.9049,0,bear
2021-08-27,0,0.9108,0,bear
2021-08-30,0,0.9256,0,bear
2021-08-31,0,0.9747,0,bear
2021-09-01,0,0.9957,0,bear
2021-09-02,0,0.975,0,bear
2021-09-03,2,0.92,1,bear
2021-09-07,2,0.8372,0,bear
2021-09-08,3,0.7529,1,bull
2021-09-09,3,0.6912,0,bull
2021-09-10,3,0.6504,0,bull
2021-09-13,3,0.631,0,bull
2021-09-14,3,0.5648,0,bull
2021-09-15,3,0.495,0,bull
2021-09-16,1,0.4006,1,bull
2021-09-17,1,0.3736,0,bull
2021-09-20,1,0.3623,0,bull
2021-09-21,1,0.4237,0,bull
2021-09-22,1,0.4873,0,bull
2021-09-23,1,0.5361,0,bull
2021-09-24,1,0.5101,0,bull
2021-09-27,1,0.4768,0,bull
2021-09-28,1,0.4558,0,bull
2021-09-29,1,0.5952,0,bull
2021-09-30,1,0.6846,0,bull
2021-10-01,1,0.8135,0,bull
2021-10-04,1,0.8759,0,bull
2021-10-05,1,0.9494,0,bull
2021-10-06,1,0.9747,0,bull
2021-10-07,1,0.9745,0,bull
2021-10-08,1,0.9428,0,bull
2021-10-11,1,0.9159,0,bull
2021-10-12,1,0.8489,0,bull
2021-10-13,1,0.751,0,bull
2021-10-14,1,0.6613,0,bull
2021-10-15,1,0.6438,0,bull
2021-10-18,3,0.5902,1,bull
2021-10-19,3,0.5732,0,bull
2021-10-20,3,0.5334,0,bull
2021-10-21,3,0.5281,0,bull
2021-10-22,2,0.5316,1,bear
2021-10-25,2,0.5645,0,bear
2021-10-26,2,0.6078,0,bear
2021-10-27,2,0.6661,0,bear
2021-10-28,2,0.6672,0,bear
2021-10-29,2,0.7387,0,bear
2021-11-01,2,0.7869,0,bear
2021-11-02,2,0.8479,0,bear
2021-11-03,2,0.897,0,bear
2021-11-04,2,0.9298,0,bear
2021-11-05,2,0.9512,0,bear
2021-11-08,2,0.9611,0,bear
2021-11-09,2,0.9704,0,bear
2021-11-10,2,0.979,0,bear
2021-11-11,2,0.9791,0,bear
2021-11-12,2,0.9787,0,bear
2021-11-15,3,0.9363,1,bull
2021-11-16,3,0.8979,0,bull
2021-11-17,3,0.841,0,bull
2021-11-18,3,0.7957,0,bull
2021-11-19,3,0.8115,0,bull
2021-11-22,3,0.8276,0,bull
2021-11-23,3,0.8517,0,bull
2021-11-24,3,0.898,0,bull
2021-11-26,3,0.9189,0,bull
2021-11-29,3,0.9669,0,bull
2021-11-30,3,0.9986,0,bull
2021-12-01,3,1.0,0,bull
2021-12-02,3,0.9738,0,bull
2021-12-03,3,0.9294,0,bull
2021-12-06,2,0.8369,1,bear
2021-12-07,2,0.7541,0,bear
2021-12-08,0,0.7185,1,bear
2021-12-09,0,0.6773,0,bear
2021-12-10,0,0.6106,0,bear
2021-12-13,0,0.5582,0,bear
2021-12-14,0,0.4555,0,bear
2021-12-15,0,0.4134,0,bear
2021-12-16,0,0.4373,0,bear
2021-12-17,0,0.4757,0,bear
2021-12-20,0,0.5137,0,bear
2021-12-21,0,0.5574,0,bear
2021-12-22,0,0.6652,0,bear
2021-12-23,0,0.8275,0,bear
2021-12-27,0,0.9338,0,bear
2021-12-28,0,0.943,0,bear
2021-12-29,0,0.8887,0,bear
2021-12-30,0,0.8002,0,bear
2021-12-31,0,0.7523,0,bear
2022-01-03,0,0.7658,0,bear
2022-01-04,0,0.7416,0,bear
2022-01-05,0,0.7415,0,bear
2022-01-06,0,0.7544,0,bear
2022-01-07,0,0.7767,0,bear
2022-01-10,2,0.7718,1,bear
2022-01-11,2,0.7813,0,bear
2022-01-12,2,0.8318,0,bear
2022-01-13,2,0.8814,0,bear
2022-01-14,2,0.8934,0,bear
2022-01-18,2,0.9102,0,bear
2022-01-19,2,0.9546,0,bear
2022-01-20,2,1.0,0,bear
2022-01-21,0,1.0,1,bear
2022-01-24,0,0.979,0,bear
2022-01-25,0,0.9302,0,bear
2022-01-26,0,0.9162,0,bear
2022-01-27,0,0.8661,0,bear
2022-01-28,0,0.8238,0,bear
2022-01-31,0,0.8371,0,bear
2022-02-01,0,0.9374,0,bear
2022-02-02,0,0.9888,0,bear
2022-02-03,0,0.9855,0,bear
2022-02-04,2,0.9481,1,bear
2022-02-07,2,0.8971,0,bear
2022-02-08,2,0.7937,0,bear
2022-02-09,2,0.6592,0,bear
2022-02-10,3,0.4897,1,bull
2022-02-11,3,0.3693,0,bull
2022-02-14,3,0.2366,0,bull
2022-02-15,3,0.1587,0,bull
2022-02-16,1,0.1041,1,bull
2022-02-17,1,0.1625,0,bull
2022-02-18,1,0.2572,0,bull
2022-02-22,1,0.3428,0,bull
2022-02-23,1,0.4603,0,bull
2022-02-24,1,0.6098,0,bull
2022-02-25,1,0.7142,0,bull
2022-02-28,1,0.7744,0,bull
2022-03-01,1,0.8507,0,bull
2022-03-02,1,0.9614,0,bull
2022-03-03,1,0.9725,0,bull
2022-03-04,1,0.9452,0,bull
2022-03-07,3,0.8979,1,bull
2022-03-08,3,0.8454,0,bull
2022-03-09,3,0.734,0,bull
2022-03-10,3,0.6129,0,bull
2022-03-11,0,0.5247,1,bear
2022-03-14,0,0.4353,0,bear
2022-03-15,0,0.3229,0,bear
2022-03-16,0,0.2169,0,bear
2022-03-17,0,0.1643,0,bear
2022-03-18,0,0.1552,0,bear
2022-03-21,0,0.2713,0,bear
2022-03-22,0,0.2627,0,bear
2022-03-23,0,0.2792,0,bear
2022-03-24,0,0.2551,0,bear
2022-03-25,0,0.3175,0,bear
2022-03-28,0,0.3886,0,bear
2022-03-29,0,0.5549,0,bear
2022-03-30,0,0.7331,0,bear
2022-03-31,0,0.7738,0,bear
2022-04-01,0,0.8575,0,bear
2022-04-04,0,0.9133,0,bear
2022-04-05,0,0.9541,0,bear
2022-04-06,0,0.9427,0,bear
2022-04-07,0,0.9703,0,bear
2022-04-08,0,1.0,0,bear
2022-04-11,0,1.0,0,bear
2022-04-12,0,0.9325,0,bear
2022-04-13,0,0.8429,0,bear
2022-04-14,0,0.7276,0,bear
2022-04-18,0,0.686,0,bear
2022-04-19,0,0.543,0,bear
2022-04-20,0,0.483,0,bear
2022-04-21,2,0.3654,1,bear
2022-04-22,2,0.2745,0,bear
2022-04-25,2,0.1355,0,bear
2022-04-26,2,0.1229,0,bear
2022-04-27,2,0.1964,0,bear
2022-04-28,2,0.464,0,bear
2022-04-29,2,0.6343,0,bear
2022-05-02,2,0.8489,0,bear
2022-05-03,2,0.9151,0,bear
2022-05-04,2,0.9554,0,bear
2022-05-05,2,0.9733,0,bear
2022-05-06,2,0.969,0,bear
2022-05-09,2,0.9483,0,bear
2022-05-10,2,0.959,0,bear
2022-05-11,0,0.8677,1,bear
2022-05-12,0,0.7688,0,bear
2022-05-13,0,0.6795,0,bear
2022-05-16,0,0.7369,0,bear
2022-05-17,0,0.7582,0,bear
2022-05-18,0,0.8699,0,bear
2022-05-19,0,0.9287,0,bear
2022-05-20,0,0.9571,0,bear
2022-05-23,0,0.951,0,bear
2022-05-24,0,1.0,0,bear
2022-05-25,0,1.0,0,bear
2022-05-26,0,1.0,0,bear
2022-05-27,0,1.0,0,bear
2022-05-31,0,0.9892,0,bear
2022-06-01,2,0.894,1,bear
2022-06-02,2,0.7812,0,bear
2022-06-03,2,0.617,0,bear
2022-06-06,2,0.4878,0,bear
2022-06-07,3,0.354,1,bull
2022-06-08,3,0.2776,0,bull
2022-06-09,3,0.2322,0,bull
2022-06-10,3,0.1881,0,bull
2022-06-13,1,0.1948,1,bull
2022-06-14,1,0.2984,0,bull
2022-06-15,1,0.3209,0,bull
2022-06-16,1,0.3821,0,bull
2022-06-17,1,0.495,0,bull
2022-06-21,1,0.6526,0,bull
2022-06-22,1,0.7187,0,bull
2022-06-23,1,0.8027,0,bull
2022-06-24,1,0.8235,0,bull
2022-06-27,1,0.7597,0,bull
2022-06-28,1,0.6387,0,bull
2022-06-29,1,0.5853,0,bull
2022-06-30,1,0.5836,0,bull
2022-07-01,1,0.6871,0,bull
2022-07-05,1,0.7577,0,bull
2022-07-06,1,0.8028,0,bull
2022-07-07,1,0.8864,0,bull
2022-07-08,1,0.9438,0,bull
2022-07-11,1,0.9749,0,bull
2022-07-12,1,0.9971,0,bull
2022-07-13,1,1.0,0,bull
2022-07-14,1,0.9645,0,bull
2022-07-15,1,0.831,0,bull
2022-07-18,1,0.6755,0,bull
2022-07-19,3,0.5139,1,bull
2022-07-20,3,0.3986,0,bull
2022-07-21,2,0.2757,1,bear
2022-07-22,2,0.1773,0,bear
2022-07-25,0,0.0689,1,bear
2022-07-26,0,0.0909,0,bear
2022-07-27,0,0.0517,0,bear
2022-07-28,0,0.0864,0,bear
2022-07-29,0,0.0921,0,bear
2022-08-01,0,0.2497,0,bear
2022-08-02,0,0.34,0,bear
2022-08-03,0,0.3853,0,bear
2022-08-04,0,0.474,0,bear
2022-08-05,0,0.5713,0,bear
2022-08-08,0,0.6276,0,bear
2022-08-09,0,0.6642,0,bear
2022-08-10,0,0.6384,0,bear
2022-08-11,0,0.5922,0,bear
2022-08-12,0,0.4854,0,bear
2022-08-15,0,0.5241,0,bear
2022-08-16,0,0.673,0,bear
2022-08-17,0,0.7297,0,bear
2022-08-18,0,0.8683,0,bear
2022-08-19,0,0.976,0,bear
2022-08-22,0,1.0,0,bear
2022-08-23,0,0.9988,0,bear
2022-08-24,0,1.0,0,bear
2022-08-25,0,1.0,0,bear
2022-08-26,0,1.0,0,bear
2022-08-29,0,1.0,0,bear
2022-08-30,0,1.0,0,bear
2022-08-31,0,1.0,0,bear
2022-09-01,0,1.0,0,bear
2022-09-02,0,0.9462,0,bear
2022-09-06,0,0.9517,0,bear
2022-09-07,0,0.9819,0,bear
2022-09-08,0,1.0,0,bear
2022-09-09,0,0.9615,0,bear
2022-09-12,2,0.8733,1,bear
2022-09-13,2,0.6995,0,bear
2022-09-14,2,0.5527,0,bear
2022-09-15,2,0.4615,0,bear
2022-09-16,3,0.4242,1,bull
2022-09-19,3,0.2525,0,bull
2022-09-20,3,0.2776,0,bull
2022-09-21,3,0.3905,0,bull
2022-09-22,3,0.462,0,bull
2022-09-23,3,0.4324,0,bull
2022-09-26,3,0.5171,0,bull
2022-09-27,3,0.6329,0,bull
2022-09-28,1,0.7694,1,bull
2022-09-29,1,0.8081,0,bull
2022-09-30,1,0.8383,0,bull
2022-10-03,1,0.9006,0,bull
2022-10-04,1,0.9387,0,bull
2022-10-05,1,0.9253,0,bull
2022-10-06,1,0.8856,0,bull
2022-10-07,1,0.8245,0,bull
2022-10-10,1,0.8665,0,bull
2022-10-11,1,0.944,0,bull
2022-10-12,1,0.9906,0,bull
2022-10-13,1,1.0,0,bull
2022-10-14,1,1.0,0,bull
2022-10-17,1,0.9944,0,bull
2022-10-18,1,1.0,0,bull
2022-10-19,1,1.0,0,bull
2022-10-20,1,1.0,0,bull
2022-10-21,1,1.0,0,bull
2022-10-24,1,0.9927,0,bull
2022-10-25,1,1.0,0,bull
2022-10-26,3,1.0,1,bull
2022-10-27,3,0.9907,0,bull
2022-10-28,3,0.9655,0,bull
2022-10-31,3,0.9598,0,bull
2022-11-01,3,0.9659,0,bull
2022-11-02,3,0.9088,0,bull
2022-11-03,2,0.8175,1,bear
2022-11-04,2,0.653,0,bear
2022-11-07,2,0.542,0,bear
2022-11-08,2,0.5212,0,bear
2022-11-09,2,0.4889,0,bear
2022-11-10,2,0.3361,0,bear
2022-11-11,0,0.3939,1,bear
2022-11-14,0,0.4586,0,bear
2022-11-15,0,0.4449,0,bear
2022-11-16,0,0.4038,0,bear
2022-11-17,0,0.4586,0,bear
2022-11-18,0,0.5812,0,bear
2022-11-21,0,0.7574,0,bear
2022-11-22,0,0.8373,0,bear
2022-11-23,0,0.9065,0,bear
2022-11-25,0,0.9648,0,bear
2022-11-28,0,0.9903,0,bear
2022-11-29,0,0.9733,0,bear
2022-11-30,2,0.9301,1,bear
2022-12-01,2,0.8552,0,bear
2022-12-02,2,0.7564,0,bear
2022-12-05,2,0.5979,0,bear
2022-12-06,2,0.5202,0,bear
2022-12-07,2,0.4561,0,bear
2022-12-08,3,0.4618,1,bull
2022-12-09,3,0.4169,0,bull
2022-12-12,1,0.4275,1,bull
2022-12-13,1,0.443,0,bull
2022-12-14,1,0.3898,0,bull
2022-12-15,1,0.3633,0,bull
2022-12-16,1,0.4139,0,bull
2022-12-19,1,0.3943,0,bull
2022-12-20,1,0.4115,0,bull
2022-12-21,1,0.4716,0,bull
2022-12-22,1,0.5718,0,bull
2022-12-23,1,0.7225,0,bull
2022-12-27,1,0.8183,0,bull
2022-12-28,1,0.9113,0,bull
2022-12-29,1,0.9695,0,bull
2022-12-30,1,0.995,0,bull
2023-01-03,1,1.0,0,bull
2023-01-04,1,1.0,0,bull
2023-01-05,1,0.9486,0,bull
2023-01-06,1,0.8263,0,bull
2023-01-09,3,0.7448,1,bull
2023-01-10,3,0.6398,0,bull
2023-01-11,3,0.6054,0,bull
2023-01-12,3,0.5999,0,bull
2023-01-13,3,0.5808,0,bull
2023-01-17,3,0.5699,0,bull
2023-01-18,2,0.5649,1,bear
2023-01-19,2,0.467,0,bear
2023-01-20,0,0.3781,1,bear
2023-01-23,0,0.3728,0,bear
2023-01-24,0,0.4617,0,bear
2023-01-25,0,0.4927,0,bear
2023-01-26,0,0.4959,0,bear
2023-01-27,0,0.567,0,bear
2023-01-30,0,0.6096,0,bear
2023-01-31,0,0.6191,0,bear
2023-02-01,0,0.6925,0,bear
2023-02-02,0,0.7844,0,bear
2023-02-03,0,0.8931,0,bear
2023-02-06,0,0.9334,0,bear
2023-02-07,0,0.9665,0,bear
2023-02-08,0,0.9886,0,bear
2023-02-09,0,0.9922,0,bear
2023-02-10,0,0.9408,0,bear
2023-02-13,2,0.8462,1,bear
2023-02-14,2,0.7613,0,bear
2023-02-15,2,0.6671,0,bear
2023-02-16,2,0.5658,0,bear
2023-02-17,2,0.4832,0,bear
2023-02-21,2,0.4596,0,bear
2023-02-22,3,0.5319,1,bull
2023-02-23,3,0.5263,0,bull
2023-02-24,3,0.5042,0,bull
2023-02-27,3,0.5186,0,bull
2023-02-28,1,0.4988,1,bull
2023-03-01,1,0.5119,0,bull
2023-03-02,1,0.5498,0,bull
2023-03-03,1,0.5485,0,bull
2023-03-06,1,0.5878,0,bull
2023-03-07,1,0.6078,0,bull
2023-03-08,1,0.6588,0,bull
2023-03-09,1,0.675,0,bull
2023-03-10,1,0.7922,0,bull
2023-03-13,1,0.8993,0,bull
2023-03-14,1,0.9526,0,bull
2023-03-15,1,0.9603,0,bull
2023-03-16,1,0.9619,0,bull
2023-03-17,1,0.9536,0,bull
2023-03-20,3,0.8978,1,bull
2023-03-21,3,0.8051,0,bull
2023-03-22,3,0.792,0,bull
2023-03-23,3,0.7542,0,bull
2023-03-24,3,0.714,0,bull
2023-03-27,3,0.6713,0,bull
2023-03-28,3,0.6921,0,bull
2023-03-29,3,0.7304,0,bull
2023-03-30,2,0.7578,1,bear
2023-03-31,2,0.7481,0,bear
2023-04-03,2,0.7837,0,bear
2023-04-04,2,0.8601,0,bear
2023-04-05,3,0.9215,1,bull
2023-04-06,3,0.9567,0,bull
2023-04-10,3,0.9715,0,bull
2023-04-11,3,0.9885,0,bull
2023-04-12,3,0.9986,0,bull
2023-04-13,3,1.0,0,bull
2023-04-14,3,0.9984,0,bull
2023-04-17,3,0.9978,0,bull
2023-04-18,3,0.9852,0,bull
2023-04-19,3,0.9415,0,bull
2023-04-20,3,0.9105,0,bull
2023-04-21,3,0.9042,0,bull
2023-04-24,3,0.8992,0,bull
2023-04-25,3,0.9,0,bull
2023-04-26,1,0.8918,1,bull
2023-04-27,1,0.8624,0,bull
2023-04-28,1,0.8177,0,bull
2023-05-01,1,0.7783,0,bull
2023-05-02,1,0.7161,0,bull
2023-05-03,1,0.6892,0,bull
2023-05-04,1,0.7242,0,bull
2023-05-05,1,0.8244,0,bull
2023-05-08,1,0.834,0,bull
2023-05-09,1,0.8428,0,bull
2023-05-10,1,0.8726,0,bull
2023-05-11,1,0.8997,0,bull
2023-05-12,1,0.931,0,bull
2023-05-15,1,0.9553,0,bull
2023-05-16,1,0.9752,0,bull
2023-05-17,1,0.9944,0,bull
2023-05-18,1,1.0,0,bull
2023-05-19,1,0.9946,0,bull
2023-05-22,1,0.9856,0,bull
2023-05-23,1,0.9863,0,bull
2023-05-24,1,0.972,0,bull
2023-05-25,1,0.9509,0,bull
2023-05-26,1,0.9453,0,bull
2023-05-30,1,0.9477,0,bull
2023-05-31,1,0.9467,0,bull
2023-06-01,1,0.9408,0,bull
2023-06-02,1,0.9344,0,bull
2023-06-05,1,0.9481,0,bull
2023-06-06,1,0.9614,0,bull
2023-06-07,1,0.985,0,bull
2023-06-08,1,0.9955,0,bull
2023-06-09,1,0.9968,0,bull
2023-06-12,1,0.9956,0,bull
2023-06-13,1,0.9948,0,bull
2023-06-14,1,0.9981,0,bull
2023-06-15,1,0.9999,0,bull
2023-06-16,1,1.0,0,bull
2023-06-20,1,1.0,0,bull
2023-06-21,1,1.0,0,bull
2023-06-22,1,1.0,0,bull
2023-06-23,1,0.9971,0,bull
2023-06-26,1,0.9721,0,bull
2023-06-27,3,0.9236,1,bull
2023-06-28,3,0.8657,0,bull
2023-06-29,3,0.8186,0,bull
2023-06-30,3,0.7554,0,bull
2023-07-03,2,0.715,1,bear
2023-07-05,2,0.6562,0,bear
2023-07-06,2,0.6165,0,bear
2023-07-07,2,0.5941,0,bear
2023-07-10,0,0.579,1,bear
2023-07-11,0,0.546,0,bear
2023-07-12,0,0.5169,0,bear
2023-07-13,0,0.5484,0,bear
2023-07-14,0,0.6123,0,bear
2023-07-17,0,0.6901,0,bear
2023-07-18,0,0.7744,0,bear
2023-07-19,0,0.8729,0,bear
2023-07-20,0,0.9452,0,bear
2023-07-21,0,0.9704,0,bear
2023-07-24,2,0.9723,1,bear
2023-07-25,2,0.9647,0,bear
2023-07-26,2,0.9412,0,bear
2023-07-27,2,0.9113,0,bear
2023-07-28,2,0.8769,0,bear
2023-07-31,2,0.8277,0,bear
2023-08-01,3,0.78,1,bull
2023-08-02,3,0.7623,0,bull
2023-08-03,3,0.7749,0,bull
2023-08-04,3,0.8142,0,bull
2023-08-07,3,0.8762,0,bull
2023-08-08,3,0.929,0,bull
2023-08-09,3,0.9525,0,bull
2023-08-10,3,0.9754,0,bull
2023-08-11,2,0.9947,1,bear
2023-08-14,2,0.9922,0,bear
2023-08-15,2,0.9641,0,bear
2023-08-16,2,0.9052,0,bear
2023-08-17,0,0.824,1,bear
2023-08-18,0,0.7438,0,bear
2023-08-21,0,0.6493,0,bear
2023-08-22,0,0.576,0,bear
2023-08-23,0,0.5706,0,bear
2023-08-24,0,0.6551,0,bear
2023-08-25,0,0.6974,0,bear
2023-08-28,0,0.7497,0,bear
2023-08-29,0,0.8174,0,bear
2023-08-30,0,0.9007,0,bear
2023-08-31,0,0.9489,0,bear
2023-09-01,0,0.9687,0,bear
2023-09-05,0,0.9618,0,bear
2023-09-06,0,0.9296,0,bear
2023-09-07,0,0.911,0,bear
2023-09-08,0,0.8949,0,bear
2023-09-11,0,0.8715,0,bear
2023-09-12,0,0.88,0,bear
2023-09-13,0,0.9181,0,bear
2023-09-14,0,0.9501,0,bear
2023-09-15,0,0.9547,0,bear
2023-09-18,0,0.9633,0,bear
2023-09-19,0,0.974,0,bear
2023-09-20,0,0.9737,0,bear
2023-09-21,2,0.9705,1,bear
2023-09-22,2,0.9763,0,bear
2023-09-25,2,0.9614,0,bear
2023-09-26,2,0.9426,0,bear
2023-09-27,2,0.9576,0,bear
2023-09-28,2,0.9393,0,bear
2023-09-29,3,0.8959,1,bull
2023-10-02,3,0.8288,0,bull
2023-10-03,3,0.7565,0,bull
2023-10-04,3,0.7317,0,bull
2023-10-05,3,0.6926,0,bull
2023-10-06,3,0.6898,0,bull
2023-10-09,1,0.6518,1,bull
2023-10-10,1,0.6021,0,bull
2023-10-11,1,0.5333,0,bull
2023-10-12,1,0.4367,0,bull
2023-10-13,1,0.2963,0,bull
2023-10-16,1,0.2409,0,bull
2023-10-17,1,0.1848,0,bull
2023-10-18,1,0.2131,0,bull
2023-10-19,1,0.3363,0,bull
2023-10-20,1,0.5038,0,bull
2023-10-23,1,0.7035,0,bull
2023-10-24,1,0.8393,0,bull
2023-10-25,1,0.9032,0,bull
2023-10-26,1,0.9635,0,bull
2023-10-27,1,0.9721,0,bull
2023-10-30,1,0.9229,0,bull
2023-10-31,1,0.8434,0,bull
2023-11-01,1,0.7905,0,bull
2023-11-02,1,0.7701,0,bull
2023-11-03,1,0.7812,0,bull
2023-11-06,1,0.7851,0,bull
2023-11-07,1,0.8226,0,bull
2023-11-08,1,0.8727,0,bull
2023-11-09,1,0.9151,0,bull
2023-11-10,1,0.9228,0,bull
2023-11-13,1,0.9524,0,bull
2023-11-14,1,0.9689,0,bull
2023-11-15,1,0.9792,0,bull
2023-11-16,1,0.9832,0,bull
2023-11-17,1,0.9785,0,bull
2023-11-20,1,0.9703,0,bull
2023-11-21,1,0.9676,0,bull
2023-11-22,1,0.9767,0,bull
2023-11-24,1,0.9766,0,bull
2023-11-27,1,0.9726,0,bull
2023-11-28,1,0.9564,0,bull
2023-11-29,1,0.9328,0,bull
2023-11-30,1,0.8928,0,bull
2023-12-01,3,0.8652,1,bull
2023-12-04,3,0.8719,0,bull
2023-12-05,3,0.9045,0,bull
2023-12-06,3,0.928,0,bull
2023-12-07,3,0.9381,0,bull
2023-12-08,3,0.9445,0,bull
2023-12-11,3,0.9506,0,bull
2023-12-12,3,0.9613,0,bull
2023-12-13,3,0.975,0,bull
2023-12-14,3,0.9882,0,bull
2023-12-15,1,1.0,1,bull
2023-12-18,1,0.9936,0,bull
2023-12-19,1,0.9633,0,bull
2023-12-20,1,0.9326,0,bull
2023-12-21,1,0.9289,0,bull
2023-12-22,1,0.9285,0,bull
2023-12-26,1,0.9128,0,bull
2023-12-27,1,0.8875,0,bull
2023-12-28,1,0.8869,0,bull
2023-12-29,1,0.8857,0,bull
2024-01-02,1,0.8909,0,bull
2024-01-03,1,0.8933,0,bull
2024-01-04,1,0.9366,0,bull
2024-01-05,1,0.9813,0,bull
2024-01-08,1,0.9927,0,bull
2024-01-09,1,0.994,0,bull
2024-01-10,1,0.9981,0,bull
2024-01-11,1,1.0,0,bull
2024-01-12,1,0.9864,0,bull
2024-01-16,1,0.9827,0,bull
2024-01-17,1,0.9949,0,bull
2024-01-18,1,0.9904,0,bull
2024-01-19,1,0.9766,0,bull
2024-01-22,1,0.9714,0,bull
2024-01-23,1,0.982,0,bull
2024-01-24,1,0.9946,0,bull
2024-01-25,1,0.9924,0,bull
2024-01-26,1,0.9891,0,bull
2024-01-29,1,0.9941,0,bull
2024-01-30,1,0.9994,0,bull
2024-01-31,1,1.0,0,bull
2024-02-01,1,0.9966,0,bull
2024-02-02,1,0.9899,0,bull
2024-02-05,1,0.9999,0,bull
2024-02-06,1,1.0,0,bull
2024-02-07,1,1.0,0,bull
2024-02-08,1,1.0,0,bull
2024-02-09,1,1.0,0,bull
2024-02-12,1,1.0,0,bull
2024-02-13,1,1.0,0,bull
2024-02-14,1,1.0,0,bull
2024-02-15,1,1.0,0,bull
2024-02-16,1,1.0,0,bull
2024-02-20,1,1.0,0,bull
2024-02-21,3,0.9975,1,bull
2024-02-22,3,0.9823,0,bull
2024-02-23,3,0.9647,0,bull
2024-02-26,3,0.9495,0,bull
2024-02-27,3,0.9484,0,bull
2024-02-28,3,0.9382,0,bull
2024-02-29,3,0.8829,0,bull
2024-03-01,3,0.8473,0,bull
2024-03-04,2,0.8238,1,bear
2024-03-05,2,0.7979,0,bear
2024-03-06,2,0.7184,0,bear
2024-03-07,2,0.6934,0,bear
2024-03-08,0,0.6833,1,bear
2024-03-11,0,0.6721,0,bear
2024-03-12,0,0.6391,0,bear
2024-03-13,0,0.6659,0,bear
2024-03-14,0,0.6699,0,bear
2024-03-15,0,0.6915,0,bear
2024-03-18,0,0.7348,0,bear
2024-03-19,0,0.8055,0,bear
2024-03-20,0,0.8765,0,bear
2024-03-21,0,0.9439,0,bear
2024-03-22,0,0.967,0,bear
2024-03-25,0,0.9583,0,bear
2024-03-26,2,0.9456,1,bear
2024-03-27,2,0.9274,0,bear
2024-03-28,2,0.8589,0,bear
2024-04-01,2,0.7999,0,bear
2024-04-02,3,0.7219,1,bull
2024-04-03,3,0.6258,0,bull
2024-04-04,1,0.5119,1,bull
2024-04-05,1,0.4441,0,bull
2024-04-08,1,0.3887,0,bull
2024-04-09,1,0.3852,0,bull
2024-04-10,1,0.3978,0,bull
2024-04-11,1,0.4357,0,bull
2024-04-12,1,0.4674,0,bull
2024-04-15,1,0.5242,0,bull
2024-04-16,1,0.6213,0,bull
2024-04-17,1,0.7131,0,bull
2024-04-18,1,0.8299,0,bull
2024-04-19,1,0.9136,0,bull
2024-04-22,1,0.9496,0,bull
2024-04-23,1,0.9562,0,bull
2024-04-24,1,0.9622,0,bull
2024-04-25,1,0.9587,0,bull
2024-04-26,1,0.9525,0,bull
2024-04-29,1,0.9475,0,bull
2024-04-30,1,0.9481,0,bull
2024-05-01,1,0.939,0,bull
2024-05-02,1,0.9373,0,bull
2024-05-03,1,0.9362,0,bull
2024-05-06,1,0.9531,0,bull
2024-05-07,1,0.9744,0,bull
2024-05-08,1,0.9853,0,bull
2024-05-09,1,0.9904,0,bull
2024-05-10,1,0.9963,0,bull
2024-05-13,1,0.9997,0,bull
2024-05-14,1,0.9983,0,bull
2024-05-15,1,0.9959,0,bull
2024-05-16,1,0.9893,0,bull
2024-05-17,1,0.9815,0,bull
2024-05-20,1,0.9788,0,bull
2024-05-21,1,0.9729,0,bull
2024-05-22,1,0.9675,0,bull
2024-05-23,1,0.9622,0,bull
2024-05-24,1,0.9652,0,bull
2024-05-28,1,0.9644,0,bull
2024-05-29,1,0.9706,0,bull
2024-05-30,1,0.9803,0,bull
2024-05-31,1,0.9943,0,bull
2024-06-03,1,0.9999,0,bull
2024-06-04,1,0.9934,0,bull
2024-06-05,1,0.9714,0,bull
2024-06-06,1,0.963,0,bull
2024-06-07,1,0.9331,0,bull
2024-06-10,3,0.8865,1,bull
2024-06-11,3,0.8093,0,bull
2024-06-12,3,0.7649,0,bull
2024-06-13,3,0.7367,0,bull
2024-06-14,3,0.7245,0,bull
2024-06-17,3,0.6611,0,bull
2024-06-18,2,0.6344,1,bear
2024-06-20,2,0.6585,0,bear
2024-06-21,0,0.6556,1,bear
2024-06-24,0,0.5972,0,bear
2024-06-25,0,0.5355,0,bear
2024-06-26,0,0.5725,0,bear
2024-06-27,0,0.5962,0,bear
2024-06-28,0,0.6186,0,bear
2024-07-01,0,0.6602,0,bear
2024-07-02,0,0.7612,0,bear
2024-07-03,0,0.8244,0,bear
2024-07-05,0,0.901,0,bear
2024-07-08,0,0.9575,0,bear
2024-07-09,0,0.9829,0,bear
2024-07-10,2,0.9286,1,bear
2024-07-11,2,0.802,0,bear
2024-07-12,2,0.6948,0,bear
2024-07-15,2,0.6124,0,bear
2024-07-16,3,0.517,1,bull
2024-07-17,3,0.4214,0,bull
2024-07-18,3,0.3788,0,bull
2024-07-19,3,0.444,0,bull
2024-07-22,1,0.4623,1,bull
2024-07-23,1,0.4587,0,bull
2024-07-24,1,0.5559,0,bull
2024-07-25,1,0.7086,0,bull
2024-07-26,1,0.7854,0,bull
2024-07-29,1,0.8481,0,bull
2024-07-30,1,0.8986,0,bull
2024-07-31,1,0.953,0,bull
2024-08-01,1,0.9635,0,bull
2024-08-02,1,0.9789,0,bull
2024-08-05,3,0.9856,1,bull
2024-08-06,3,0.9747,0,bull
2024-08-07,3,0.9425,0,bull
2024-08-08,3,0.8887,0,bull
2024-08-09,3,0.9168,0,bull
2024-08-12,3,0.9363,0,bull
2024-08-13,3,0.9402,0,bull
2024-08-14,3,0.9532,0,bull
2024-08-15,3,0.9655,0,bull
2024-08-16,3,0.9869,0,bull
2024-08-19,3,0.9914,0,bull
2024-08-20,3,0.9866,0,bull
2024-08-21,1,0.9655,1,bull
2024-08-22,1,0.9444,0,bull
2024-08-23,1,0.9224,0,bull
2024-08-26,1,0.8878,0,bull
2024-08-27,1,0.8953,0,bull
2024-08-28,1,0.8884,0,bull
2024-08-29,1,0.8887,0,bull
2024-08-30,1,0.902,0,bull
2024-09-03,1,0.9029,0,bull
2024-09-04,1,0.9335,0,bull
2024-09-05,1,0.9548,0,bull
2024-09-06,1,0.9764,0,bull
2024-09-09,1,0.9911,0,bull
2024-09-10,1,0.9914,0,bull
2024-09-11,1,0.9736,0,bull
2024-09-12,1,0.9499,0,bull
2024-09-13,3,0.9365,1,bull
2024-09-16,3,0.9364,0,bull
2024-09-17,3,0.9227,0,bull
2024-09-18,3,0.9048,0,bull
2024-09-19,3,0.8719,0,bull
2024-09-20,3,0.8703,0,bull
2024-09-23,3,0.8653,0,bull
2024-09-24,3,0.8926,0,bull
2024-09-25,3,0.9367,0,bull
2024-09-26,3,0.963,0,bull
2024-09-27,3,0.9789,0,bull
2024-09-30,3,0.9918,0,bull
2024-10-01,3,0.9974,0,bull
2024-10-02,3,1.0,0,bull
2024-10-03,3,1.0,0,bull
2024-10-04,3,1.0,0,bull
2024-10-07,3,1.0,0,bull
2024-10-08,3,0.9997,0,bull
2024-10-09,3,0.9897,0,bull
2024-10-10,3,0.9918,0,bull
2024-10-11,3,0.9982,0,bull
2024-10-14,3,1.0,0,bull
2024-10-15,3,1.0,0,bull
2024-10-16,3,1.0,0,bull
2024-10-17,1,0.9925,1,bull
2024-10-18,1,0.9663,0,bull
2024-10-21,1,0.916,0,bull
2024-10-22,1,0.9124,0,bull
2024-10-23,1,0.9154,0,bull
2024-10-24,1,0.9439,0,bull
2024-10-25,1,0.9676,0,bull
2024-10-28,1,0.9821,0,bull
2024-10-29,1,0.9914,0,bull
2024-10-30,1,1.0,0,bull
2024-10-31,1,1.0,0,bull
2024-11-01,1,1.0,0,bull
2024-11-04,3,0.9862,1,bull
2024-11-05,3,0.9372,0,bull
2024-11-06,3,0.8544,0,bull
2024-11-07,3,0.8328,0,bull
2024-11-08,3,0.8536,0,bull
2024-11-11,3,0.8797,0,bull
2024-11-12,3,0.8831,0,bull
2024-11-13,3,0.8709,0,bull
2024-11-14,2,0.876,1,bear
2024-11-15,2,0.8586,0,bear
2024-11-18,2,0.7941,0,bear
2024-11-19,2,0.7649,0,bear
2024-11-20,2,0.7969,0,bear
2024-11-21,2,0.833,0,bear
2024-11-22,0,0.8399,1,bear
2024-11-25,0,0.8313,0,bear
2024-11-26,0,0.8046,0,bear
2024-11-27,0,0.8088,0,bear
2024-11-29,0,0.8244,0,bear
2024-12-02,0,0.888,0,bear
2024-12-03,2,0.9617,1,bear
2024-12-04,2,0.9884,0,bear
2024-12-05,2,0.9683,0,bear
2024-12-06,2,0.9391,0,bear
2024-12-09,2,0.9394,0,bear
2024-12-10,2,0.9344,0,bear
2024-12-11,3,0.8877,1,bull
2024-12-12,3,0.8052,0,bull
2024-12-13,3,0.7341,0,bull
2024-12-16,3,0.711,0,bull
2024-12-17,3,0.682,0,bull
2024-12-18,3,0.7008,0,bull
2024-12-19,3,0.7766,0,bull
2024-12-20,3,0.8535,0,bull
2024-12-23,3,0.8989,0,bull
2024-12-24,3,0.9282,0,bull
2024-12-26,3,0.9201,0,bull
2024-12-27,3,0.9111,0,bull
2024-12-30,3,0.9183,0,bull
2024-12-31,3,0.954,0,bull
2025-01-02,3,0.9815,0,bull
2025-01-03,3,0.9914,0,bull
2025-01-06,3,1.0,0,bull
2025-01-07,3,0.9998,0,bull
2025-01-08,3,0.9829,0,bull
2025-01-10,3,0.9588,0,bull
2025-01-13,3,0.9079,0,bull
2025-01-14,3,0.8545,0,bull
2025-01-15,2,0.7717,1,bear
2025-01-16,2,0.6873,0,bear
2025-01-17,0,0.6271,1,bear
2025-01-21,0,0.5595,0,bear
2025-01-22,0,0.5053,0,bear
2025-01-23,0,0.4641,0,bear
2025-01-24,0,0.4986,0,bear
2025-01-27,0,0.505,0,bear
2025-01-28,0,0.4601,0,bear
2025-01-29,0,0.4357,0,bear
2025-01-30,0,0.4545,0,bear
2025-01-31,0,0.4101,0,bear
2025-02-03,0,0.4127,0,bear
2025-02-04,0,0.433,0,bear
2025-02-05,0,0.4836,0,bear
2025-02-06,0,0.6691,0,bear
2025-02-07,0,0.8034,0,bear
2025-02-10,0,0.8989,0,bear
2025-02-11,0,0.9444,0,bear
2025-02-12,0,0.9719,0,bear
2025-02-13,0,0.9398,0,bear
2025-02-14,0,0.8735,0,bear
2025-02-18,0,0.8188,0,bear
2025-02-19,0,0.7477,0,bear
2025-02-20,0,0.8168,0,bear
2025-02-21,0,0.8644,0,bear
2025-02-24,0,0.9255,0,bear
2025-02-25,0,0.9151,0,bear
2025-02-26,0,0.9122,0,bear
2025-02-27,0,0.8372,0,bear
2025-02-28,0,0.7324,0,bear
2025-03-03,0,0.6105,0,bear
2025-03-04,0,0.5487,0,bear
2025-03-05,0,0.4489,0,bear
2025-03-06,0,0.3828,0,bear
2025-03-07,0,0.3277,0,bear
2025-03-10,0,0.341,0,bear
2025-03-11,0,0.2753,0,bear
2025-03-12,0,0.1575,0,bear
2025-03-13,0,0.3872,0,bear
2025-03-14,0,0.5809,0,bear
2025-03-17,0,0.7136,0,bear
2025-03-18,0,0.7693,0,bear
2025-03-19,0,0.8562,0,bear
2025-03-20,0,0.8871,0,bear
2025-03-21,0,0.8341,0,bear
2025-03-24,0,0.6985,0,bear
2025-03-25,0,0.6001,0,bear
2025-03-26,3,0.5019,1,bull
2025-03-27,3,0.4249,0,bull
2025-03-28,1,0.2789,1,bull
2025-03-31,1,0.1684,0,bull
2025-04-01,1,0.1664,0,bull
2025-04-02,1,0.1315,0,bull
2025-04-03,1,0.0998,0,bull
2025-04-04,1,0.0647,0,bull
2025-04-07,1,0.2622,0,bull
2025-04-08,1,0.4313,0,bull
2025-04-09,1,0.5815,0,bull
2025-04-10,1,0.6357,0,bull
2025-04-11,1,0.7718,0,bull
2025-04-14,1,0.883,0,bull
2025-04-15,1,0.9625,0,bull
2025-04-16,1,0.9666,0,bull
2025-04-17,1,0.9445,0,bull
2025-04-21,1,0.8898,0,bull
2025-04-22,1,0.8039,0,bull
2025-04-23,1,0.6209,0,bull
2025-04-24,1,0.6256,0,bull
2025-04-25,1,0.6797,0,bull
2025-04-28,1,0.7545,0,bull
2025-04-29,1,0.728,0,bull
2025-04-30,1,0.7531,0,bull
2025-05-01,1,0.7629,0,bull
2025-05-02,1,0.7551,0,bull
2025-05-05,1,0.7681,0,bull
2025-05-06,1,0.7773,0,bull
2025-05-07,1,0.7808,0,bull
2025-05-08,3,0.8222,1,bull
2025-05-09,3,0.8151,0,bull
2025-05-12,3,0.8348,0,bull
2025-05-13,3,0.8973,0,bull
2025-05-14,1,0.9536,1,bull
2025-05-15,1,0.9825,0,bull
2025-05-16,1,0.9916,0,bull
2025-05-19,1,0.984,0,bull
2025-05-20,1,0.9626,0,bull
2025-05-21,1,0.9224,0,bull
2025-05-22,1,0.8956,0,bull
2025-05-23,1,0.8992,0,bull
2025-05-27,1,0.9356,0,bull
2025-05-28,1,0.9299,0,bull
2025-05-29,1,0.9363,0,bull
2025-05-30,1,0.9563,0,bull
2025-06-02,1,0.9721,0,bull
2025-06-03,1,0.9767,0,bull
2025-06-04,1,0.9817,0,bull
2025-06-05,1,0.9919,0,bull
2025-06-06,1,0.9992,0,bull
2025-06-09,1,0.9999,0,bull
2025-06-10,1,1.0,0,bull
2025-06-11,1,1.0,0,bull
2025-06-12,1,1.0,0,bull
2025-06-13,1,1.0,0,bull
2025-06-16,1,0.9992,0,bull
2025-06-17,1,0.9876,0,bull
2025-06-18,1,0.9673,0,bull
2025-06-20,1,0.9267,0,bull
2025-06-23,3,0.8819,1,bull
2025-06-24,3,0.8538,0,bull
2025-06-25,3,0.8441,0,bull
2025-06-26,3,0.8192,0,bull
2025-06-27,3,0.8387,0,bull
2025-06-30,3,0.8685,0,bull
2025-07-01,3,0.8959,0,bull
2025-07-02,3,0.9151,0,bull
2025-07-03,3,0.9418,0,bull
2025-07-07,3,0.9666,0,bull
2025-07-08,3,0.9796,0,bull
2025-07-09,3,0.9913,0,bull
2025-07-10,3,0.9997,0,bull
2025-07-11,3,1.0,0,bull
2025-07-14,3,1.0,0,bull
2025-07-15,3,1.0,0,bull
2025-07-16,3,1.0,0,bull
2025-07-17,3,1.0,0,bull
2025-07-18,3,1.0,0,bull
2025-07-21,3,1.0,0,bull
2025-07-22,3,1.0,0,bull
2025-07-23,3,1.0,0,bull
2025-07-24,3,1.0,0,bull
2025-07-25,3,1.0,0,bull
2025-07-28,3,1.0,0,bull
2025-07-29,3,0.9998,0,bull
2025-07-30,3,0.9976,0,bull
2025-07-31,3,0.9965,0,bull
2025-08-01,3,0.9962,0,bull
2025-08-04,3,0.9986,0,bull
2025-08-05,3,0.9925,0,bull
2025-08-06,3,0.9887,0,bull
2025-08-07,1,0.984,1,bull
2025-08-08,1,0.9778,0,bull
2025-08-11,1,0.9793,0,bull
2025-08-12,1,0.9903,0,bull
2025-08-13,1,0.9881,0,bull
2025-08-14,1,0.9831,0,bull
2025-08-15,1,0.9763,0,bull
2025-08-18,1,0.9733,0,bull
2025-08-19,1,0.9706,0,bull
2025-08-20,1,0.9693,0,bull
2025-08-21,1,0.9806,0,bull
2025-08-22,1,0.9926,0,bull
2025-08-25,1,0.9955,0,bull
2025-08-26,1,1.0,0,bull
2025-08-27,1,1.0,0,bull
2025-08-28,1,1.0,0,bull
2025-08-29,3,0.9963,1,bull
2025-09-02,3,0.9856,0,bull
2025-09-03,3,0.9621,0,bull
2025-09-04,3,0.9277,0,bull
2025-09-05,3,0.8978,0,bull
2025-09-08,3,0.8728,0,bull
2025-09-09,3,0.863,0,bull
2025-09-10,3,0.8724,0,bull
2025-09-11,3,0.8692,0,bull
2025-09-12,3,0.8986,0,bull
2025-09-15,3,0.9512,0,bull
2025-09-16,3,0.9706,0,bull
2025-09-17,3,0.975,0,bull
2025-09-18,3,0.9827,0,bull
2025-09-19,3,0.9896,0,bull
2025-09-22,3,0.9908,0,bull
2025-09-23,3,0.9902,0,bull
2025-09-24,3,0.9987,0,bull
2025-09-25,3,0.9983,0,bull
2025-09-26,3,0.9983,0,bull
2025-09-29,3,0.995,0,bull
2025-09-30,3,0.9981,0,bull
2025-10-01,3,1.0,0,bull
2025-10-02,3,1.0,0,bull
2025-10-03,3,1.0,0,bull
2025-10-06,3,0.9958,0,bull
2025-10-07,3,0.9808,0,bull
2025-10-08,3,0.9586,0,bull
2025-10-09,3,0.9383,0,bull
2025-10-10,3,0.9372,0,bull
2025-10-13,2,0.8987,1,bear
2025-10-14,2,0.8737,0,bear
2025-10-15,2,0.8637,0,bear
2025-10-16,2,0.8459,0,bear
2025-10-17,2,0.8523,0,bear
2025-10-20,2,0.8898,0,bear
2025-10-21,2,0.9363,0,bear
2025-10-22,2,0.9785,0,bear
2025-10-23,2,0.9921,0,bear
2025-10-24,2,0.9896,0,bear
2025-10-27,3,0.9774,1,bull
2025-10-28,3,0.9606,0,bull
2025-10-29,3,0.9314,0,bull
2025-10-30,3,0.9117,0,bull
2025-10-31,3,0.9115,0,bull
2025-11-03,3,0.9068,0,bull
2025-11-04,3,0.8926,0,bull
2025-11-05,3,0.8834,0,bull
2025-11-06,3,0.8734,0,bull
2025-11-07,3,0.8958,0,bull
2025-11-10,3,0.9124,0,bull
2025-11-11,3,0.9224,0,bull
2025-11-12,3,0.9412,0,bull
2025-11-13,3,0.9502,0,bull
2025-11-14,3,0.9708,0,bull
2025-11-17,3,0.9708,0,bull
2025-11-18,3,0.9708,0,bull
2025-11-19,3,0.9708,0,bull
2025-11-20,3,0.9708,0,bull
2025-11-21,3,0.9708,0,bull
2025-11-24,3,0.9708,0,bull
2025-11-25,3,0.9708,0,bull
2025-11-26,3,0.9708,0,bull
2025-11-28,3,0.9708,0,bull
2025-12-01,3,0.9708,0,bull
2025-12-02,3,0.9708,0,bull
2025-12-03,3,0.9708,0,bull
2025-12-04,3,0.9708,0,bull
2025-12-05,3,0.9708,0,bull
2025-12-08,3,0.9708,0,bull
2025-12-09,3,0.9708,0,bull
2025-12-10,3,0.9708,0,bull
2025-12-11,3,0.9708,0,bull
2025-12-12,3,0.9708,0,bull
2025-12-15,3,0.9708,0,bull
2025-12-16,3,0.9708,0,bull
2025-12-17,3,0.9708,0,bull
2025-12-18,3,0.9708,0,bull
2025-12-19,3,0.9708,0,bull
2025-12-22,3,0.9708,0,bull
2025-12-23,3,0.9708,0,bull
2025-12-24,3,0.9708,0,bull
2025-12-26,3,0.9708,0,bull
2025-12-29,3,0.9708,0,bull
2025-12-30,3,0.9708,0,bull
2025-12-31,3,0.9708,0,bull
